Dcode,DropoutRate,CohortStudentsSum,Total fund,CO,DISTRICT,EDP 365,Current Expense ADA,Current Expense Per ADA,LEA Type,District,TOTALREV_x,TFEDREV_x,TSTREV_x,TLOCREV_x,Total Fund Per Enrollment,TOTALREV_y,TFEDREV_y,TLOCREV_y,TSTREV_y
61119,0.051062655,25361,834309631.0,1,Alameda Unified,"122,421,584.91","8,975.20","13,639.98",Unified,ALAMEDA UNIFIED SCH DIST,152604,5885,74928,71791,32897.34754,152604,5885,71791,74928
61127,0.037131231,7864,486648245.3,1,Albany City Unified,"47,343,135.51","3,484.19","13,587.99",Unified,ALBANY CITY UNIFIED SCH DIST,78758,6281,42105,30372,61883.04238,78758,6281,30372,42105
61143,0.090191481,25590,1379337089.0,1,Berkeley Unified,"173,753,016.19","9,426.03","18,433.32",Unified,BERKELEY UNIFIED SCH DIST,212767,7691,79302,125774,53901.41029,212767,7691,125774,79302
61150,0.04973846,21794,810156553.8,1,Castro Valley Unified,"105,286,407.91","8,976.77","11,728.76",Unified,CASTRO VAL UNIFIED SCH DIST,165687,21190,98977,45520,37173.37587,165687,21190,45520,98977
61168,0.054421769,1176,160204877.8,1,Emery Unified,"12,731,320.51",688.6,"18,488.70",Unified,EMERY UNI SCH DIST,19385,1362,3555,14468,136228.6376,19385,1362,14468,3555
61176,0.07157685,72258,2953400266.0,1,Fremont Unified,"374,901,551.77","33,933.99","11,047.97",Unified,FREMONT UNIF SCHOOL DIST,483035,17362,254039,211634,40872.98661,483035,17362,211634,254039
61192,0.132496845,54673,2372916052.0,1,Hayward Unified,"289,384,778.70","18,711.84","15,465.33",Unified,HAYWARD UNIFIED SCHOOL DISTRICT,330918,27570,190304,113044,43401.97268,330918,27570,113044,190304
61200,0.022022214,31332,905415947.4,1,Livermore Valley Joint Unified,"163,383,447.30","13,195.12","12,382.11",Unified,LIVERMORE VALLEY JT UNIFIED SCH DIST,185774,6611,82676,96487,28897.48332,185774,6611,96487,82676
61234,0.09523157,14596,468135366.0,1,Newark Unified,"66,242,266.10","5,482.67","12,082.12",Unified,NEWARK UNIF SCH DIST,89064,3711,39730,45623,32072.85325,89064,3711,45623,39730
61242,0.026723121,28814,898334391.7,1,New Haven Unified,"127,107,741.85","10,418.38","12,200.34",Unified,NEW HAVEN UNIFIED SCHOOL DIST,164428,7094,88351,68983,31177.01089,164428,7094,68983,88351
61259,0.123808517,122956,3487775881.0,1,Oakland Unified,"618,421,030.73","33,910.89","18,236.65",Unified,OAKLAND UNIF SCH DIST,760236,63687,377426,319123,28366.04867,760236,63687,319123,377426
61275,0.005590496,5724,267873529.3,1,Piedmont City Unified,"44,350,774.78","2,495.68","17,771.02",Unified,PIEDMONT CITY UNIF SCH DIST,54755,1117,15915,37723,46798.3105,54755,1117,37723,15915
61291,0.106197833,22524,1006737425.0,1,San Leandro Unified,"115,645,126.77","8,613.44","13,426.13",Unified,SAN LEANDRO UNI SCH DIST,140905,7848,77204,55853,44696.2096,140905,7848,55853,77204
61309,0.047632517,35354,982695595.6,1,San Lorenzo Unified,"130,415,970.74","9,334.41","13,971.53",Unified,SAN LORENZO UNIFIED SCHOOL DIST,154360,8721,97979,47660,27795.88153,154360,8721,47660,97979
61408,0.04494382,1424,56266431.56,4,Biggs Unified,"6,841,559.37",562.7,"12,158.45",Unified,BIGGS UNIFIED SCH DIST,8458,687,5063,2708,39512.94351,8458,687,2708,5063
61424,0.065319316,34339,782483850.1,4,Chico Unified,"154,106,704.49","11,830.15","13,026.61",Unified,CHICO UNIF SCHOOL DIST,183886,11550,102493,69843,22787.03078,183886,11550,69843,102493
61432,0.031578947,2280,100754535.8,4,Durham Unified,"10,769,931.84","1,002.73","10,740.61",Unified,DURHAM UNIFIED SCH DIST,12434,473,7912,4049,44190.58589,12434,473,4049,7912
61507,0.142857143,224,123566617.5,4,Oroville City Elementary,"30,683,633.25","2,214.04","13,858.66",Elementary,OROVILLE CITY ELEM SCH DIST,31920,2098,23537,6285,551636.6853,31920,2098,6285,23537
61515,0.094477359,18904,160180039.5,4,Oroville Union High,"30,670,295.68","2,158.00","14,212.37",High,OROVILLE UNION HIGH SCHOOL DIST,36760,2334,21842,12584,8473.341066,36760,2334,12584,21842
61531,0.06587582,7924,498974701.8,4,Paradise Unified,"28,771,232.27","1,601.33","17,967.09",Unified,PARADISE UNIFIED SCHOOL DISTRICT,48495,3126,32453,12916,62970.05322,48495,3126,12916,32453
61556,0.032831737,4386,61389932.14,5,Bret Harte Union High,"11,473,177.64",588.44,"19,497.62",High,BRET HARTE UNION HIGH SCH DIST,13787,267,1572,11948,13996.79255,13787,267,11948,1572
61564,0.017795637,6968,137653549.9,5,Calaveras Unified,"30,680,818.68","2,699.49","11,365.41",Unified,CALAVERAS UNI SCH DIST,38778,2170,12550,24058,19755.10188,38778,2170,24058,12550
61598,0.017967434,3562,74187100.34,6,Colusa Unified,"16,881,317.15","1,464.71","11,525.36",Unified,COLUSA UNIFIED SCH DIST,19745,1130,14204,4411,20827.37236,19745,1130,4411,14204
61606,0.0,480,19257094.54,6,Maxwell Unified,"4,452,842.34",328.4,"13,559.20",Unified,MAXWELL UNIF SCH DIST,4941,321,3061,1559,40118.94696,4941,321,1559,3061
61614,0.0,3522,117922209.4,6,Pierce Joint Unified,"16,209,976.62","1,400.48","11,574.59",Unified,PIERCE J. T. UNIFIED SCHOOL DIST,21147,987,13595,6565,33481.60404,21147,987,6565,13595
61622,0.067955477,3414,92354140.29,6,Williams Unified,"16,122,075.28","1,258.65","12,809.02",Unified,WILLIAMS UNIFIED SCH DIST,20783,2331,13480,4972,27051.59352,20783,2331,4972,13480
61630,0.013480663,36200,460259998.7,7,Acalanes Union High,"86,309,854.25","5,413.25","15,944.18",High,ACALANES UNION HIGH SCHOOL DIST,100233,1734,14213,84286,12714.3646,100233,1734,84286,14213
61648,0.090169182,43740,846900521.3,7,Antioch Unified,"196,188,265.83","15,148.06","12,951.38",Unified,ANTIOCH UNIFIED SCH DIST,235844,15653,155829,64362,19362.15184,235844,15653,64362,155829
61663,0.038709677,2480,64324380.71,7,Byron Union Elementary,"15,750,753.65","1,384.45","11,376.90",Elementary,BYRON UNION ELEM SCH DIST,21554,674,11772,9108,25937.25029,21554,674,9108,11772
61697,0.136155606,3496,253724670.1,7,John Swett Unified,"18,275,010.45","1,328.21","13,759.13",Unified,JOHN SWETT UNIFIED SCH DIST,25175,1087,8729,15359,72575.70656,25175,1087,15359,8729
61721,0.033178749,58652,802286877.2,7,Liberty Union High,"92,555,459.30","7,860.29","11,775.07",High,LIBERTY UNION HIGH SCHOOL DIST,118902,3100,58877,56925,13678.76419,118902,3100,56925,58877
70797,0.431629013,3364,45855340.07,49,Liberty Elementary,"2,813,346.18",203.35,"13,834.99",Elementary,LIBERTY UNION HIGH SCHOOL DIST,118902,3100,58877,56925,13631.19503,118902,3100,56925,58877
61739,0.044260906,9444,476437451.2,7,Martinez Unified,"47,060,250.96","3,970.10","11,853.67",Unified,MARTINEZ UNIFIED SCHOOL DISTRICT,61259,1946,23107,36206,50448.69242,61259,1946,36206,23107
61754,0.120022056,65288,1866960753.0,7,Mt. Diablo Unified,"339,332,997.28","29,122.07","11,652.09",Unified,MT DIABLO UNIFIED SCHOOL DISTRICT,479186,26708,235385,217093,28595.77186,479186,26708,217093,235385
61788,0.063519778,33218,775502221.2,7,Pittsburg Unified,"144,339,850.93","10,770.46","13,401.46",Unified,PITTSBURG UNIFIED SCHOOL DISTRICT,177750,11474,123663,42613,23345.84325,177750,11474,42613,123663
61796,0.061404387,79864,3060418613.0,7,West Contra Costa Unified,"364,759,905.31","26,557.99","13,734.47",Unified,WEST CONTRA COSTA UNIFIED SCHOOL DISTRICT,508918,32602,252794,223522,38320.3773,508918,32602,223522,252794
61804,0.018601212,70318,1938199742.0,7,San Ramon Valley Unified,"357,134,646.92","30,948.61","11,539.60",Unified,SAN RAMON VALLEY UNIFIED SCHOOL DISTRICT,430213,7081,153279,269853,27563.35138,430213,7081,269853,153279
63214,0.1,1760,96213066.85,13,San Pasqual Valley Unified,"14,293,716.02",600.64,"23,797.48",Unified,SAN RAMON VALLEY UNIFIED SCHOOL DISTRICT,430213,7081,153279,269853,54666.51526,430213,7081,269853,153279
69807,0.036363636,8690,287597315.1,44,San Lorenzo Valley Unified,"28,151,128.92","2,180.89","12,908.09",Unified,SAN RAMON VALLEY UNIFIED SCHOOL DISTRICT,430213,7081,153279,269853,33095.20312,430213,7081,269853,153279
61820,0.083881579,7296,286120339.2,8,Del Norte County Unified,"45,272,500.97","3,450.70","13,119.80",Unified,DEL NORTE CO UNIF SCH DIST,54326,5641,35651,13034,39216.05526,54326,5641,13034,35651
61838,0.102189781,4932,253609477.7,9,Buckeye Union Elementary,"49,258,055.64","4,546.26","10,834.85",Elementary,BUCKEYE UNION SCH DIST,64403,1375,35675,27353,51421.22418,64403,1375,27353,35675
61853,0.014979984,46462,328199217.8,9,El Dorado Union High,"76,401,137.60","6,469.93","11,808.65",High,EL DORADO UN HIGH SCHOOL DIST,90446,2468,42082,45896,7063.82028,90446,2468,45896,42082
61903,0.045657016,8980,210306015.2,9,Lake Tahoe Unified,"48,474,669.83","3,625.98","13,368.71",Unified,LAKE TAHOE UNI SCH DIST,56790,2937,26178,27675,23419.37809,56790,2937,27675,26178
62117,0.020701197,93811,3205797668.0,10,Clovis Unified,"500,264,555.50","41,556.18","12,038.27",Unified,CLOVIS UNIFIED SCHOOL DISTRICT,612651,29386,407747,175518,34172.93993,612651,29386,175518,407747
62125,0.160190476,10500,307366606.8,10,Coalinga-Huron Unified,"59,966,114.32","4,226.92","14,186.72",Unified,COALINGA HURON JT UNIFIED SCH DIST,69620,5936,50946,12738,29273.01017,69620,5936,12738,50946
62158,0.026900219,6394,278684827.5,10,Fowler Unified,"32,618,016.49","2,476.22","13,172.50",Unified,FOWLER UNIFIED SCH DIST,38806,3024,25202,10580,43585.36557,38806,3024,10580,25202
62166,0.104123642,163181,7328402121.0,10,Fresno Unified,"995,063,037.13","66,903.50","14,873.11",Unified,FRESNO UNIFIED SCH DIST,1154034,130179,881923,141932,44909.65321,1154034,130179,141932,881923
62257,0.017435192,8718,93751970.27,10,Kingsburg Joint Union High,"16,053,112.47","1,129.04","14,218.37",High,KINGSBURG JOINT UNION ELEMENTARY SCHOOL DISTRICT,26768,2163,19458,5147,10753.83921,26768,2163,5147,19458
62265,0.025983342,25093,657850865.6,10,Kings Canyon Joint Unified,"130,337,799.26","9,158.19","14,231.83",Unified,KINGS CANYON UNIFIED SCHOOL DIST,156088,14299,117985,23804,26216.50921,156088,14299,23804,117985
62281,0.029304029,1092,80296811.1,10,Laton Joint Unified,"10,146,583.04",625.24,"16,228.30",Unified,LATON JT UNIF SCHOOL DISTRICT,10506,907,7154,2445,73531.8783,10506,907,2445,7154
62331,0.356258597,2908,30280925.58,10,Orange Center,"4,463,150.51",320.07,"13,944.30",Elementary,ORANGE CENTER SCHOOL DISTRICT,6026,447,4039,1540,10412.97303,6026,447,1540,4039
62364,0.041016407,9996,238765470.5,10,Parlier Unified,"51,879,384.77","3,337.48","15,544.48",Unified,PARLIER UNIFIED SCH DIST,52965,6701,41998,4266,23886.10149,52965,6701,4266,41998
62380,0.232774674,3222,45312593.7,10,Raisin City Elementary,"4,293,700.97",280.25,"15,320.97",Elementary,RAISIN CITY ELEM SCH DIST,5116,678,3654,784,14063.49898,5116,678,784,3654
62414,0.016470847,27321,1241465050.0,10,Sanger Unified,"140,730,365.13","10,667.42","13,192.54",Unified,SANGER UNIF SCH DIST,185761,14125,135292,36344,45439.95643,185761,14125,36344,135292
62430,0.039244724,16206,408031236.1,10,Selma Unified,"86,864,958.58","5,966.42","14,558.97",Unified,SELMA UNIFIED SCH DIST,98247,9284,75551,13412,25177.78823,98247,9284,13412,75551
62539,0.176848875,2488,61704924.31,10,West Park Elementary,"4,551,117.32",349.65,"13,016.21",Elementary,WEST PARK ELEM SCH DIST,11048,627,9734,687,24801.01459,11048,627,687,9734
62547,0.234393176,20632,83175725.52,10,Westside Elementary,"3,599,552.95",182.79,"19,692.29",Elementary,WESTSIDE ELEM SCH DIST,4370,369,3030,971,4031.394219,4370,369,971,3030
62596,0.0,96,31857712.32,11,Lake Elementary,"1,868,157.31",178.35,"10,474.67",Elementary,LAKE COUNTY OFFICE OF EDUCATION,21287,3433,11928,5926,331851.17,21287,3433,5926,11928
62661,0.03929867,3308,84824462.83,11,Willows Unified,"15,263,556.20","1,369.90","11,142.10",Unified,WILLOWS UNIFIED SCH DIST,18478,1157,11983,5338,25642.21972,18478,1157,5338,11983
62687,0.019961977,11572,130616952.6,12,Northern Humboldt Union High,"21,776,577.55","1,427.58","15,254.19",High,NORTHERN HUMBOLDT UHSD,25482,1239,12749,11494,11287.32739,25482,1239,11494,12749
62810,0.068639053,8450,82292156.66,12,Fortuna Union High,"13,676,733.72","1,069.60","12,786.77",High,FORTUNA UNION HIGH SCHOOL DIST,17987,601,10852,6534,9738.716764,17987,601,6534,10852
62901,0.052673583,2506,92573488.34,12,Klamath-Trinity Joint Unified,"19,132,938.57",918.34,"20,834.26",Unified,KLAMATH TRINITY JT UNIFIED JT SCH DIST,26136,8539,11714,5883,36940.73757,26136,8539,5883,11714
63032,0.0,1040,83941486.5,12,South Bay Union Elementary,"4,815,411.01",378.71,"12,715.30",Elementary,SOUTH BAY UNION ELEM SCH DIST,7441,664,5161,1616,80712.96779,7441,664,1616,5161
63040,0.134831461,1246,64818369.18,12,Southern Humboldt Joint Unified,"9,354,220.77",719.63,"12,998.65",Unified,SOUTHERN TRINITY JT UNIF SCH DIST,2714,211,1560,943,52021.16307,2714,211,943,1560
63081,0.035470342,16690,154318635.1,13,Brawley Union High,"26,423,375.45","1,879.15","14,061.34",High,BRAWLEY UNION HIGH SCHOOL DIST,29677,1671,23237,4769,9246.17346,29677,1671,4769,23237
63099,0.125034051,29368,588340875.0,13,Calexico Unified,"121,236,560.36","8,543.89","14,189.86",Unified,CALEXICO UNIF SCH DIST,144090,13511,117167,13412,20033.39945,144090,13511,13412,117167
63107,0.103244838,2712,72649063.2,13,Calipatria Unified,"16,062,891.85","1,087.34","14,772.65",Unified,CALIPATRIA UNIFIED SCH DIST,20417,1578,11857,6982,26788.00265,20417,1578,6982,11857
63115,0.103983646,36198,372126659.9,13,Central Union High,"55,826,570.88","3,999.79","13,957.38",High,CENTRAL UNION HIGH SCHOOL DIST,68752,3743,54608,10401,10280.30996,68752,3743,10401,54608
63149,0.03254902,5100,131990396.6,13,Holtville Unified,"22,305,848.68","1,519.21","14,682.53",Unified,HOLTVILLE UNIF SCH DIST,24651,2332,17594,4725,25880.46992,24651,2332,4725,17594
63164,0.058262282,9852,288593122.0,13,Imperial Unified,"49,294,592.81","4,203.06","11,728.26",Unified,IMPERIAL UNIF SCH DIST,55722,2526,39946,13250,29292.84632,55722,2526,13250,39946
63289,0.0,352,32969304.48,14,Lone Pine Unified,"5,486,910.32",310.35,"17,679.75",Unified,LONE PINE UNIF SCH DIST,6854,452,1087,5315,93662.79682,6854,452,5315,1087
63412,0.029805707,37778,430143803.8,15,Delano Joint Union High,"60,611,260.06","4,041.10","14,998.70",High,DELANO JT UNION HIGH SCHOOL DIST,76194,7833,54360,14001,11386.09254,76194,7833,14001,54360
63529,0.096385021,323764,4529196912.0,15,Kern High,"556,546,703.42","39,361.10","14,139.51",High,KERN HIGH SCHOOL DISTRICT,669908,52329,444772,172807,13989.19247,669908,52329,172807,444772
63628,0.169061477,21992,72754281.14,15,Maricopa Unified,"5,952,023.42",285.2,"20,869.65",Unified,MARICOPA UNI SCH DIST,10077,419,4943,4715,3308.215767,10077,419,4715,4943
63677,0.141272189,5408,210515154.6,15,Mojave Unified,"36,008,963.99","2,611.60","13,788.09",Unified,MOJAVE UNIFIED SCHOOL DISTRICT,44700,3658,19476,21566,38926.61882,44700,3658,21566,19476
63685,0.082781457,2416,209360053.0,15,Muroc Joint Unified,"20,591,711.88","1,671.80","12,317.09",Unified,MUROC UNIF SCH DIST,44623,18465,20499,5659,86655.65106,44623,18465,5659,20499
63776,0.180860154,7022,175646294.6,15,Southern Kern Unified,"38,616,087.83","3,311.56","11,661.00",Unified,SOUTHERN KERN UNIF SCHOOL DIST,51638,4310,35056,12272,25013.71327,51638,4310,12272,35056
63818,0.031655844,7392,171955487.6,15,Taft Union High,"21,028,269.64",998.83,"21,052.90",High,TAFT UNION HIGH SCHOOL DIST,28925,851,13078,14996,23262.37656,28925,851,14996,13078
63826,0.03343465,7896,214428649.6,15,Tehachapi Unified,"44,300,210.00","4,012.28","11,041.16",Unified,TEHACHAPI UNIF SCHOOL DIST,53278,2680,33349,17249,27156.61723,53278,2680,17249,33349
63859,0.084012849,16188,149588932.7,15,Wasco Union High,"23,152,909.09","1,752.50","13,211.36",High,WASCO UNION HIGH SCHOOL DIST,29947,1917,15858,12172,9240.729722,29947,1917,12172,15858
63875,0.155589124,2648,127486434.2,16,Armona Union Elementary,"11,420,993.24",897.29,"12,728.32",Elementary,ARMONA UNION ELEMENTARY SCHOOL DISTRICT,18271,2338,13755,2178,48144.42378,18271,2338,2178,13755
63891,0.025152957,5884,209861843.4,16,Corcoran Joint Unified,"45,551,926.78","3,111.81","14,638.40",Unified,CORCORAN JOINT UNIF SCH DIST,47836,3954,38876,5006,35666.52676,47836,3954,5006,38876
63925,0.026663679,26778,469053590.0,16,Hanford Joint Union High,"48,758,712.07","3,771.67","12,927.62",High,HANFORD JT UNION HIGH SCH DIST,59543,2904,44170,12469,17516.37874,59543,2904,12469,44170
63958,0.241056687,14536,90056472.8,16,Kit Carson Union Elementary,"4,808,448.58",368.98,"13,031.73",Elementary,KIT CARSON ELEM SCH DIST,6036,339,4520,1177,6195.409521,6036,339,1177,4520
63982,0.039494187,16686,199769862.1,16,Lemoore Union High,"24,760,064.44","1,882.51","13,152.69",High,LEMOORE UNION HIGH SCHOOL DISTRICT,33164,1700,22890,8574,11972.30385,33164,1700,8574,22890
64014,0.08586262,5008,106152339.6,17,Kelseyville Unified,"21,751,054.35","1,657.70","13,121.22",Unified,KELSEYVILLE UNIFIED SCHOOL DISTRICT,26440,1981,15109,9350,21196.55343,26440,1981,9350,15109
64022,0.289896544,9086,277010835.8,17,Konocti Unified,"48,235,056.78","3,359.56","14,357.55",Unified,KONOCTI UNIFIED SCHOOL DISTRICT,52228,5018,34289,12921,30487.65527,52228,5018,12921,34289
64030,0.025074627,3350,80735318.16,17,Lakeport Unified,"17,852,168.06","1,340.49","13,317.64",Unified,LAKEPORT UNIFIED SCHOOL DISTRICT,21310,1463,12625,7222,24100.09497,21310,1463,7222,12625
64055,0.093175853,4572,126679305.8,17,Middletown Unified,"15,916,647.77","1,421.71","11,195.43",Unified,MIDDLETOWN UNIFIED SCHOOL DISTRICT,18846,1017,11065,6764,27707.6347,18846,1017,6764,11065
64089,0.0,88,10244650.24,18,Big Valley Joint Unified,"2,271,014.48",107.84,"21,059.11",Unified,BIG VALLEY JOINT UNIFIED SCHOOL DISTRICT,2518,185,1046,1287,116416.48,2518,185,1287,1046
64139,0.04233871,4960,47805236.25,18,Lassen Union High,"10,455,243.05",749.1,"13,957.07",High,LASSEN UNION HIGH SCHOOL DISTRICT,10805,291,6425,4089,9638.15247,10805,291,4089,6425
64196,0.086956522,920,91770921.17,18,Susanville Elementary,"10,871,838.24","1,053.07","10,323.95",Elementary,SUSANVILLE ELEMENTARY SCHOOL DISTRICT,13305,974,8942,3389,99751.00127,13305,974,3389,8942
64204,0.076923077,104,11468716.66,18,Westwood Unified,"2,468,844.44",169.52,"14,563.74",Unified,WESTWOOD UNIFIED SCHOOL DISTRICT,2992,191,1998,803,110276.1217,2992,191,803,1998
64212,0.048339426,51428,1313225544.0,19,ABC Unified,"233,659,807.06","19,633.75","11,900.93",Unified,ABC UNIF SCHOOL DIST,278748,17869,203203,57676,25535.22486,278748,17869,57676,203203
64246,0.196525884,177081,1498792200.0,19,Antelope Valley Union High,"277,854,882.74","19,667.11","14,127.90",High,ANTELOPE VALLEY UNION HIGH SCHOOL DISTRICT,329027,22644,241154,65229,8463.879244,329027,22644,65229,241154
64261,0.013518258,22784,826619903.8,19,Arcadia Unified,"109,373,474.84","9,037.30","12,102.45",Unified,ARCADIA UNIFIED SCHOOL DISTRICT,129305,4155,50615,74535,36280.71909,129305,4155,74535,50615
64279,0.100257069,18672,705929617.5,19,Azusa Unified,"109,113,589.29","7,318.44","14,909.41",Unified,AZUSA UNIFIED SCHOOL DISTRICT,137874,12412,88003,37459,37806.85612,137874,12412,37459,88003
64287,0.205992989,78158,1065077581.0,19,Baldwin Park Unified,"161,953,220.93","11,675.42","13,871.30",Unified,BALDWIN PARK UNIFIED SCHOOL DISTRICT,226555,20135,159257,47163,13627.2369,226555,20135,47163,159257
64295,0.05133736,9272,298992121.5,19,Bassett Unified,"41,604,844.80","3,175.49","13,101.87",Unified,BASSETT UNIFIED SCHOOL DISTRICT,64918,6095,39652,19171,32246.77756,64918,6095,19171,39652
64303,0.039143084,30248,1076303880.0,19,Bellflower Unified,"138,861,964.17","11,008.94","12,613.56",Unified,BELLFLOWER UNIFIED SCHOOL DISTRICT,171609,10873,126438,34298,35582.64613,171609,10873,34298,126438
64311,0.031187525,10004,1297991707.0,19,Beverly Hills Unified,"76,110,409.12","3,398.34","22,396.35",Unified,BEVERLY HILLS UNIFIED SCHOOL DISTRICT,116239,1710,6684,107845,129747.2718,116239,1710,107845,6684
64329,0.024163101,23838,513899233.0,19,Bonita Unified,"118,454,148.52","9,665.10","12,255.86",Unified,BONITA UNIFIED SCHOOL DISTRICT,135575,6075,80149,49351,21557.98443,135575,6075,49351,80149
64337,0.025718761,39582,805098774.5,19,Burbank Unified,"170,620,304.12","14,719.87","11,591.16",Unified,BURBANK UNIFIED SCHOOL DISTRICT,207476,8269,118768,80439,20340.0226,207476,8269,80439,118768
64352,0.55713324,112894,1013822773.0,19,Centinela Valley Union High,"92,835,870.19","5,957.07","15,584.15",High,CENTINELA VALLEY UNION HIGH SCHOOL DIST,128481,10193,65682,52606,8980.306955,128481,10193,52606,65682
64378,0.031264955,12538,280328282.5,19,Charter Oak Unified,"56,336,153.35","4,384.29","12,849.55",Unified,CHARTER OAK UNIF SCH DIST,69559,3823,42567,23169,22358.29338,69559,3823,23169,42567
64394,0.020009253,17292,418324973.5,19,Claremont Unified,"80,232,295.66","6,639.62","12,083.87",Unified,CLAREMONT UNI SCH DIST,100941,4090,57618,39233,24191.82127,100941,4090,39233,57618
64436,0.013842877,33808,1058141630.0,19,Covina-Valley Unified,"146,784,492.59","11,185.08","13,123.24",Unified,COVINA VAL UNIF SCH DIST,253550,34304,167080,52166,31298.55743,253550,34304,52166,167080
64444,0.049172463,16676,464761846.9,19,Culver City Unified,"85,643,642.49","6,871.00","12,464.51",Unified,CULVER CITY UNI SCH DIST,118873,7747,62434,48692,27870.10356,118873,7747,48692,62434
64451,0.047445706,64832,2028555604.0,19,Downey Unified,"301,889,378.85","21,246.96","14,208.59",Unified,DOWNEY UNIF SCH DIST,323384,22252,216931,84201,31289.41886,323384,22252,84201,216931
64469,0.210210313,29147,202962424.5,19,Duarte Unified,"43,697,751.72","3,275.98","13,338.83",Unified,DUARTE UNIF SCH DIST,60236,4414,35199,20623,6963.407024,60236,4414,20623,35199
64519,0.0932862,74116,1072790593.0,19,El Monte Union High,"120,554,788.08","8,031.19","15,010.83",High,EL MONTE UNION HIGH SCHOOL DIST,173642,11263,111615,50764,14474.48045,173642,11263,50764,111615
64527,0.038609348,22378,624427667.8,19,El Rancho Unified,"100,923,511.46","7,872.93","12,819.05",Unified,EL RANCHO UNIFIED SCHOOL DIST,124946,9127,85200,30619,27903.64053,124946,9127,30619,85200
64535,0.0,8058,529611657.0,19,El Segundo Unified,"39,583,814.74","3,407.92","11,615.24",Unified,EL SEGUNDO UNI SCH DIST,49305,1487,25598,22220,65724.95123,49305,1487,22220,25598
64568,0.017789196,61498,2231139303.0,19,Glendale Unified,"339,256,327.20","24,691.45","13,739.83",Unified,GLENDALE UNIFIED SCH DIST,376130,26786,221935,127409,36279.86769,376130,26786,127409,221935
64576,0.005984578,17378,356074651.6,19,Glendora Unified,"78,406,177.89","6,884.79","11,388.32",Unified,GLENDORA UNIF SCH DIST,94524,3499,62677,28348,20489.96729,94524,3499,28348,62677
64584,0.266019417,4120,12920572.24,19,Gorman Joint,"987,535.15",65.9,"14,985.36",Elementary,GORMAN ELEMENTARY SCHOOL DISTRICT,1507,115,847,545,3136.061223,1507,115,545,847
64592,0.010989011,3640,603564225.2,19,Hawthorne,"104,416,524.80","7,022.08","14,869.74",Elementary,HAWTHORNE ELEM SCH DIST,130660,10340,98516,21804,165814.3476,130660,10340,21804,98516
64634,0.09590632,20666,949872667.1,19,Inglewood Unified,"117,527,233.11","8,657.43","13,575.30",Unified,INGLEWOOD UNI SCH DIST,161506,14383,96643,50480,45963.06335,161506,14383,50480,96643
64659,0.0,8152,402217203.7,19,La Canada Unified,"49,032,820.30","4,030.04","12,166.83",Unified,LA CANADA UNIF SCH DIST,57661,929,21986,34746,49339.69624,57661,929,34746,21986
64683,0.023888625,25284,632900643.0,19,Las Virgenes Unified,"118,002,531.61","10,420.42","11,324.16",Unified,LAS VIRGENES UNIF SCH DIST,150494,5328,59104,86062,25031.66599,150494,5328,86062,59104
64691,0.039832285,3816,772459273.6,19,Lawndale Elementary,"74,050,007.73","4,972.06","14,893.22",Elementary,LAWNDALE ELEM SCH DIST,180363,32678,127285,20400,202426.4344,180363,32678,20400,127285
64709,0.035965275,9676,518607167.9,19,Lennox,"62,345,880.33","4,912.99","12,690.01",Elementary,LENNOX SCHOOL DISTRICT,90391,9295,69318,11778,53597.26828,90391,9295,11778,69318
64725,0.112731493,186993,6723707029.0,19,Long Beach Unified,"911,149,329.85","68,158.53","13,368.09",Unified,LONG BEACH UNI SCH DIST,1202078,104110,782564,315404,35956.99855,1202078,104110,315404,782564
64733,0.087073204,1453593,68677944636.0,19,Los Angeles Unified,"7,956,466,457.58","455,015.03","17,486.16",Unified,LOS ANGELES UNIF SCH DIST,9840318,1036366,5848248,2955704,47247.02488,9840318,1036366,2955704,5848248
64774,0.161034026,34738,885604864.0,19,Lynwood Unified,"198,143,258.19","12,417.00","15,957.42",Unified,LYNWOOD UNI SCH DIST,206568,17673,164047,24848,25493.83568,206568,17673,24848,164047
64790,0.015891876,13466,308787702.2,19,Monrovia Unified,"68,589,713.90","5,132.98","13,362.55",Unified,MONROVIA UNIF SCH DIST,85978,5736,51821,28421,22930.91506,85978,5736,28421,51821
64808,0.188147041,72252,2222270287.0,19,Montebello Unified,"376,688,698.22","23,026.82","16,358.69",Unified,MONTEBELLO UNIFIED SCHOOL DISTRICT,421169,42314,283691,95164,30757.21485,421169,42314,95164,283691
64840,0.024990454,47138,1691538159.0,19,Norwalk-La Mirada Unified,"231,035,661.73","16,330.61","14,147.40",Unified,NORWALK LA MIRADA UNIF SCH DIST,295188,19119,197799,78270,35884.80969,295188,19119,78270,197799
64857,0.136971643,18690,1944902985.0,19,Palmdale Elementary,"249,063,938.89","17,300.53","14,396.32",Elementary,PALMDALE ELEM SCH DIST,359409,51840,252559,55010,104061.1549,359409,51840,55010,252559
64865,0.001764187,27208,518411532.0,19,Palos Verdes Peninsula Unified,"133,231,848.99","10,672.07","12,484.16",Unified,PALOS VERDES PENINSULA UNIF SCHOOL DIST,152060,2791,60520,88749,19053.64349,152060,2791,88749,60520
64873,0.077101391,39688,1461583125.0,19,Paramount Unified,"196,947,695.46","13,709.18","14,366.12",Unified,PARAMOUNT UNIF SCH DIST,235655,18998,174846,41811,36826.82739,235655,18998,41811,174846
64881,0.083365417,44155,1338651877.0,19,Pasadena Unified,"221,576,166.30","15,109.30","14,664.89",Unified,PASADENA UNIFIED SCH DIST,303209,27805,126645,148759,30317.10738,303209,27805,148759,126645
64907,0.06499213,60992,2557452838.0,19,Pomona Unified,"301,647,927.77","21,122.83","14,280.66",Unified,POMONA UNIFIED SCHOOL DISTRICT,447168,70785,292064,84319,41930.95551,447168,70785,84319,292064
64964,0.024471635,7192,168937196.2,19,San Marino Unified,"33,979,571.07","2,841.63","11,957.77",Unified,SAN MARINO UNI SCH DIST,51791,1042,14061,36688,23489.59903,51791,1042,36688,14061
65029,0.024469821,9808,476661114.2,19,South Pasadena Unified,"52,199,810.42","4,742.96","11,005.75",Unified,SOUTH PASADENA UNIF SCH DIST,65612,1849,34858,28905,48599.21638,65612,1849,28905,34858
65052,0.016690856,13780,455622558.1,19,Temple City Unified,"62,126,952.82","5,463.43","11,371.42",Unified,TEMPLE CY UNI SCH DIST,76721,3651,46221,26849,33064.0463,76721,3651,26849,46221
65060,0.013136758,56026,1453861066.0,19,Torrance Unified,"248,351,607.77","22,300.81","11,136.44",Unified,TORRANCE UNI SCH DIST,310733,15916,171131,123686,25949.75664,310733,15916,123686,171131
65094,0.075077626,34138,774083075.3,19,West Covina Unified,"116,494,941.49","8,215.67","14,179.60",Unified,WEST COVINA UNIFIED SCH DIST,140285,9026,95267,35992,22675.11498,140285,9026,35992,95267
65128,0.028734912,95772,1211048957.0,19,Whittier Union High,"165,086,719.12","10,744.63","15,364.58",High,WHITTIER UNION HIGH SCHOOL DIST,245522,20773,159401,65348,12645.12547,245522,20773,65348,159401
65136,0.036436946,121031,2021376689.0,19,William S. Hart Union High,"250,330,201.79","21,274.88","11,766.47",High,WILLIAM S HART UNION HIGH SCH DIST,326117,10376,207543,108198,16701.31363,326117,10376,108198,207543
65201,0.073762838,8568,80365383.8,20,Chowchilla Union High,"12,687,040.32","1,023.39","12,397.07",High,CHOWCHILLA UNION HIGH SCHOOL DISTRICT,16102,876,9267,5959,9379.713329,16102,876,5959,9267
65243,0.087962085,42200,1602541102.0,20,Madera Unified,"264,936,261.06","19,143.79","13,839.28",Unified,MADERA UNIFIED SCHOOL DISTRICT,314552,29195,238572,46785,37974.90763,314552,29195,46785,238572
65417,0.040637534,18948,952178009.9,21,Novato Unified,"87,474,606.00","7,271.63","12,029.57",Unified,NOVATO UNIF SCH DIST,117746,4492,50864,62390,50252.16434,117746,4492,62390,50864
65466,0.128940526,24616,530525555.5,21,San Rafael City High,"39,418,381.20","2,620.22","15,043.92",High,SAN RAFAEL ELEMENTARY DISTRICT,76949,3916,33379,39654,21552.06189,76949,3916,39654,33379
65482,0.016451651,33796,444935460.6,21,Tamalpais Union High,"92,054,738.91","4,890.93","18,821.52",High,TAMALPAIS UNION HIGH SCHOOL DIST,113230,1465,14508,97257,13165.32905,113230,1465,97257,14508
65532,0.112592593,4050,174772228.2,22,Mariposa County Unified,"21,985,011.94","1,573.93","13,968.23",Unified,MARIPOSA COUNTY UNIFIED SCHOOL DISTRICT,26902,1922,8112,16868,43153.63659,26902,1922,16868,8112
65540,0.0,818,40486323.77,23,Anderson Valley Unified,"7,163,769.14",414.19,"17,295.85",Unified,ANDERSON VALLEY UNIFIED SCH DIST,9501,862,4326,4313,49494.28334,9501,862,4313,4326
65565,0.062939797,5116,175072753.2,23,Fort Bragg Unified,"21,973,820.75","1,700.71","12,920.38",Unified,FORT BRAGG UNIF SCH DIST,28369,2204,14660,11505,34220.63198,28369,2204,11505,14660
65581,0.031620553,1012,121884228.9,23,Mendocino Unified,"8,355,569.40",488.36,"17,109.45",Unified,MENDOCINO UNIF SCH DIST,13401,281,3379,9741,120438.9614,13401,281,9741,3379
65607,0.15282392,602,50366625.71,23,Round Valley Unified,"7,706,441.62",408.8,"18,851.37",Unified,ROUND VALLEY UNIFIED SCH DIST,9219,2614,4803,1802,83665.49121,9219,2614,1802,4803
65615,0.021604938,16200,497782045.8,23,Ukiah Unified,"83,358,216.26","5,661.09","14,724.76",Unified,UKIAH UNIFIED SCH DIST,95125,7697,55007,32421,30727.28678,95125,7697,32421,55007
65623,0.148905633,5574,95934559.03,23,Willits Unified,"19,991,541.43","1,454.86","13,741.21",Unified,WILLITS UNIF SCH DIST,23392,1780,13745,7867,17211.07984,23392,1780,7867,13745
65698,0.027201145,5588,175482143.4,24,Hilmar Unified,"28,946,472.15","2,258.71","12,815.49",Unified,HILMAR UNIFIED SCH DIST,30109,1663,21134,7312,31403.39002,30109,1663,7312,21134
65730,0.059982487,4568,55033609.23,24,Le Grand Union High,"8,391,603.51",492.43,"17,041.21",High,LE GRAND UNION HIGH SCHOOL DIST,9386,1256,5847,2283,12047.63775,9386,1256,2283,5847
65755,0.027801179,26114,791385273.3,24,Los Banos Unified,"144,986,232.96","10,490.48","13,820.74",Unified,LOS BANOS UNIFIED SCH DIST,159281,11290,117564,30427,30305.01927,159281,11290,30427,117564
65789,0.040403364,89646,954836815.9,24,Merced Union High,"144,122,797.51","10,165.45","14,177.71",High,MERCED UNION HIGH SCHOOL DIST,175714,13449,126508,35757,10651.19265,175714,13449,35757,126508
65987,0.0,5834,297809474.6,27,Carmel Unified,"61,824,722.71","2,385.37","25,918.29",Unified,CARMEL UNIFIED SCH DIST,68885,747,9432,58706,51047.21883,68885,747,58706,9432
66068,0.142350333,22550,329727578.1,27,South Monterey County Joint Union High,"33,196,879.45","2,356.30","14,088.56",High,SOUTH MONTEREY COUNTY JOINT UNION HIGH SCHOOL DISTRICT,37632,2008,23927,11697,14622.06555,37632,2008,11697,23927
66092,0.040574024,29058,986080687.9,27,Monterey Peninsula Unified,"133,147,262.49","9,385.85","14,185.96",Unified,MONTEREY PENINSULA UNIF SCH DIST,157398,11334,68140,77924,33934.91251,157398,11334,77924,68140
66134,0.016621984,3730,191937731.7,27,Pacific Grove Unified,"36,241,169.32","1,891.98","19,155.15",Unified,PACIFIC GROVE UNIFIED SCH DIST,43231,900,8458,33873,51457.83693,43231,900,33873,8458
66159,0.084929447,90428,1225045681.0,27,Salinas Union High,"214,334,295.33","15,388.60","13,928.12",High,SALINAS UNION HIGH SCHOOL DIST,227915,13894,157951,56070,13547.19424,227915,13894,56070,157951
66241,0.021716649,1934,91786392.75,28,Calistoga Joint Unified,"18,211,633.74",832.66,"21,871.63",Unified,CALISTOGA JT UNI SCH DIST,19941,704,3083,16154,47459.35509,19941,704,16154,3083
66266,0.055005081,47232,1311677801.0,28,Napa Valley Unified,"196,835,137.86","16,638.48","11,830.12",Unified,NAPA VALLEY UNIFIED SCHOOL DIST,251411,13418,87483,150510,27770.95616,251411,13418,150510,87483
66290,0.02919708,3288,201910561.6,28,Saint Helena Unified,"35,882,517.80","1,230.07","29,171.12",Unified,ST HELENA UNIF SCH DIST,43445,1336,5539,36570,61408.32166,43445,1336,36570,5539
66357,0.074472996,19497,219668481.3,29,Nevada Joint Union High,"38,791,241.56","2,410.80","16,090.61",High,NEVADA JT UNION HIGH SCHOOL DIST,48395,1728,14408,32259,11266.78367,48395,1728,32259,14408
66431,0.032601009,172510,2800982189.0,30,Anaheim Union High,"406,389,704.50","28,386.37","14,316.37",High,ANAHEIM UNION HIGH SCHOOL DIST,471521,39890,290212,141419,16236.63665,471521,39890,141419,290212
66449,0.041388932,12902,414798759.5,30,Brea-Olinda Unified,"67,226,506.81","5,857.86","11,476.29",Unified,BREA OLINDA UNIFIED SCHOOL DIST,72732,2701,23556,46475,32149.95811,72732,2701,46475,23556
66464,0.034790009,135125,2213185486.0,30,Capistrano Unified,"522,537,043.98","44,604.01","11,715.02",Unified,CAPISTRANO UNIFIED SCH DIST,602238,22938,191350,387950,16378.80101,602238,22938,387950,191350
66514,0.061347341,104324,1153683526.0,30,Fullerton Joint Union High,"174,932,840.95","13,003.87","13,452.37",High,FULLERTON JT UNION HIGH SCHOOL DIST,200142,9086,86048,105008,11058.65885,200142,9086,105008,86048
66522,0.046117631,120648,3657147157.0,30,Garden Grove Unified,"565,563,219.66","40,034.37","14,126.94",Unified,GARDEN GROVE UNIF SCHOOL DIST,647989,50729,401845,195415,30312.5386,647989,50729,195415,401845
66548,0.037064757,117578,1131924987.0,30,Huntington Beach Union High,"193,017,679.29","15,226.18","12,676.70",High,HUNTINGTON BEACH UHS DIST,267103,16551,99526,151026,9627.013447,267103,16551,151026,99526
66555,0.007792208,6160,352318889.3,30,Laguna Beach Unified,"62,551,899.63","2,675.03","23,383.63",Unified,LAGUNA BEACH UNIF SCHOOL DIST,69557,1019,7071,61467,57194.62489,69557,1019,61467,7071
66597,0.056016038,51878,1841920586.0,30,Newport-Mesa Unified,"319,765,199.93","19,214.90","16,641.52",Unified,NEWPORT MESA UNIFIED SCH DIST,364641,16958,52423,295260,35504.84956,364641,16958,295260,52423
66621,0.037604043,67280,2465749692.0,30,Orange Unified,"311,664,046.87","23,846.18","13,069.77",Unified,ORANGE UNIFIED SCH DIST,361923,17691,130747,213485,36649.07391,361923,17691,213485,130747
66670,0.050612463,127518,3825969108.0,30,Santa Ana Unified,"674,176,784.12","43,665.24","15,439.67",Unified,SANTA ANA UNI SCH DIST,802702,77401,505276,220025,30003.36507,802702,77401,220025,505276
66894,0.052122534,28433,600893330.3,31,Placer Union High,"45,751,553.16","3,707.90","12,338.94",High,PLACER UNION HIGH SCHOOL DIST,61073,1602,19744,39727,21133.65914,61073,1602,39727,19744
66928,0.112948244,75238,882994653.0,31,Roseville Joint Union High,"130,226,999.71","9,988.30","13,037.95",High,ROSEVILLE JT UNION HIGH SCH,160879,4431,56732,99716,11736.01974,160879,4431,99716,56732
66944,0.050713154,8834,485617025.1,31,Tahoe-Truckee Unified,"71,338,686.84","3,670.84","19,433.89",Unified,TAHOE TRUCKEE UNIFIED SCHOOL DISTRICT,95255,2269,18724,74262,54971.36349,95255,2269,74262,18724
66951,0.073102933,24103,851850277.4,31,Western Placer Unified,"81,983,322.52","6,946.71","11,801.75",Unified,WESTERN PLACER UNIFIED SCHOOL DIST,108523,3451,35301,69771,35342.08511,108523,3451,69771,35301
66969,0.105564461,4367,252219558.4,32,Plumas Unified,"25,943,934.95","1,699.56","15,265.09",Unified,PLUMAS UNIFIED SCH DIST,36423,3308,8823,24292,57755.79538,36423,3308,24292,8823
66977,0.04604878,51250,1024022442.0,33,Alvord Unified,"251,651,720.20","17,354.97","14,500.27",Unified,ALVORD UNIF SCH DIST,273937,19768,197855,56314,19980.92569,273937,19768,56314,197855
66985,0.176188786,11272,325990371.7,33,Banning Unified,"63,083,003.11","4,274.55","14,757.81",Unified,BANNING UNIFIED SCH DIST,75081,7059,49923,18099,28920.36654,75081,7059,18099,49923
66993,0.053939196,24472,771741676.0,33,Beaumont Unified,"119,235,767.07","10,301.66","11,574.42",Unified,BEAUMONT UNIFIED SCH DIST,147366,11600,90782,44984,31535.70105,147366,11600,44984,90782
67033,0.023986615,131490,2852127957.0,33,Corona-Norco Unified,"609,359,814.48","50,642.48","12,032.58",Unified,CORONA NORCO UNIFIED SCHOOL DISTRICT,714673,36687,467514,210472,21690.83548,714673,36687,210472,467514
67058,0.03814869,73764,2488760883.0,33,Desert Sands Unified,"341,669,621.64","24,496.16","13,947.88",Unified,DESERT SANDS UNIFIED SCHOOL DIST,452537,26178,249649,176710,33739.50549,452537,26178,176710,249649
67082,0.056070955,58854,1560935514.0,33,Hemet Unified,"290,202,963.08","20,513.74","14,146.76",Unified,HEMET UNIFIED SCH DIST,359136,30397,236544,92195,26522.16526,359136,30397,92195,236544
67090,0.05788571,51308,1524686991.0,33,Jurupa Unified,"239,079,576.16","18,263.47","13,090.59",Unified,JURUPA UNIF SCHOOL DIST,278320,19866,201300,57154,29716.35985,278320,19866,57154,201300
67116,0.0,3208,816007326.1,33,Menifee Union Elementary,"114,523,644.55","10,274.43","11,146.47",Elementary,MENIFEE UNION ELEM SCHOOL DIST,130230,6206,88597,35427,254366.3735,130230,6206,35427,88597
67124,0.060865302,81590,2749032032.0,33,Moreno Valley Unified,"446,708,425.43","30,379.72","14,704.17",Unified,MORENO VALLEY UNIFIED SCH DIST,496797,43345,375236,78216,33693.24712,496797,43345,78216,375236
67157,0.0,4032,129454252.4,33,Nuview Union,"18,992,810.35","1,487.19","12,770.94",Elementary,NUVIEW UNION SCHOOL DISTRICT,30821,1903,23584,5334,32106.70942,30821,1903,5334,23584
67173,0.055132826,59928,2583063578.0,33,Palm Springs Unified,"322,368,572.88","20,301.50","15,879.05",Unified,PALM SPRINGS UNIFIED SCHOOL DISTRICT,389677,32988,226884,129805,43102.78297,389677,32988,129805,226884
67181,0.146284198,9796,203028596.4,33,Palo Verde Unified,"36,739,577.19","2,728.10","13,467.09",Unified,PALO VERDE UNIF SCH DIST,40883,4587,26219,10077,20725.66317,40883,4587,10077,26219
67207,0.068533908,77976,1318172582.0,33,Perris Union High,"120,807,053.82","9,122.23","13,243.15",High,PERRIS UNION HIGH SCHOOL DIST,164188,12108,101700,50380,16904.84998,164188,12108,50380,101700
67215,0.025801328,98212,3125418139.0,33,Riverside Unified,"520,091,663.58","39,067.25","13,312.73",Unified,RIVERSIDE UNIFIED SCHOOL DIST,580251,44883,390751,144617,31823.17985,580251,44883,144617,390751
67249,0.051304475,27444,723207236.9,33,San Jacinto Unified,"136,865,360.51","9,645.14","14,190.09",Unified,SAN JACINTO UNIFIED SCH DIST,152357,13783,112729,25845,26352.10745,152357,13783,25845,112729
67314,0.057439133,158829,4428144288.0,34,Elk Grove Unified,"739,420,439.55","60,769.41","12,167.64",Unified,ELK GROVE UNIFIED SCHOOL DISTRICT,867759,59449,616202,192108,27879.94817,867759,59449,192108,616202
67322,0.0625,128,14519760.18,34,Elverta Joint Elementary,"2,734,355.20",206.21,"13,260.05",Elementary,ELVERTA JT ELEM SCH DIST,4269,205,2801,1263,113435.6264,4269,205,1263,2801
67355,0.09579296,16306,130336859.8,34,Galt Joint Union High,"27,003,311.38","2,075.06","13,013.27",High,GALT JT UNION HIGH SCHOOL DIST,36579,1751,23136,11692,7993.18409,36579,1751,11692,23136
67413,0.027084066,5686,183372519.7,34,River Delta Joint Unified,"23,242,769.92","1,856.11","12,522.30",Unified,RIVER DELTA UNIFIED SCHOOL DIST,31529,1579,13697,16253,32249.8276,31529,1579,16253,13697
67421,0.182866557,4856,358801174.8,34,Robla Elementary,"26,084,515.11","1,964.58","13,277.40",Elementary,ROBLA ELEM SCH DIST,37168,2921,23625,10622,73888.21556,37168,2921,10622,23625
67439,0.107429914,103016,2857081024.0,34,Sacramento City Unified,"565,677,572.30","38,219.84","14,800.63",Unified,SACRAMENTO CITY UNIF SCH DIST,709875,83515,446244,180116,27734.34248,709875,83515,180116,446244
67447,0.120878212,145113,3836066130.0,34,San Juan Unified,"473,317,935.08","37,438.42","12,642.57",Unified,SAN JUAN UNIF SCH DIST,655894,39947,397978,217969,26435.02739,655894,39947,217969,397978
67538,0.09438453,26890,294289582.1,35,San Benito High,"36,414,515.04","3,035.35","11,996.81",High,SAN BENITO CO SPL SCHS OPER BY CO SUPT,17683,718,8966,7999,10944.20164,17683,718,7999,8966
67587,0.678082192,1168,521132700.3,36,Adelanto Elementary,"106,105,031.96","7,670.58","13,832.73",Elementary,ADELANTO ELEM SCH DIST,119481,11514,95075,12892,446175.2571,119481,11514,12892,95075
67611,0.171210469,12838,414711432.8,36,Barstow Unified,"74,684,739.16","5,988.93","12,470.46",Unified,BARSTOW UNIFIED SCH DIST,88237,8913,68741,10583,32303.42988,88237,8913,10583,68741
67637,0.060046964,5962,154023317.8,36,Bear Valley Unified,"27,772,603.34","2,212.21","12,554.23",Unified,BEAR VALLEY UNIF SCHOOL DIST,34716,2112,16310,16294,25834.16937,34716,2112,16294,16310
67652,0.071896179,190636,2547142142.0,36,Chaffey Joint Union High,"297,041,566.38","22,610.92","13,137.08",High,CHAFFEY UNION HIGH SCHOOL DIST,380668,19291,225449,135928,13361.28613,380668,19291,135928,225449
67678,0.051982672,72024,3066553057.0,36,Chino Valley Unified,"301,293,415.90","26,373.12","11,424.26",Unified,CHINO UNIFIED SCHOOL DISTRICT,370206,17621,221629,130956,42576.8224,370206,17621,130956,221629
67686,0.130239798,53962,1653330074.0,36,Colton Joint Unified,"282,523,395.91","20,338.71","13,890.92",Unified,COLTON JOINT UNIFIED SCHOOL DISTRICT,342974,23962,259933,59079,30638.78422,342974,23962,59079,259933
67710,0.054699379,97332,3898837440.0,36,Fontana Unified,"516,089,448.75","34,702.74","14,871.72",Unified,FONTANA UNIFIED SCH DIST,600625,47750,464533,88342,40057.09777,600625,47750,88342,464533
67736,0.173516603,14696,158226617.0,36,Helendale Elementary,"7,683,196.50",633.29,"12,132.19",Elementary,HELENDALE ELEM SCH DIST,14686,580,11244,2862,10766.64514,14686,580,2862,11244
67777,0.180768834,19406,534048536.7,36,Morongo Unified,"107,616,097.50","7,923.54","13,581.82",Unified,MORONGO UNIFIED SCH DIST,121432,12945,95306,13181,27519.76382,121432,12945,13181,95306
67801,0.0,1908,83609587.9,36,Needles Unified,"15,389,740.87",938.86,"16,391.94",Unified,NEEDLES UNIF SCH DIST,17858,2429,10749,4680,43820.53873,17858,2429,4680,10749
67827,0.08579627,27880,129547085.2,36,Oro Grande,"7,285,174.85",88.05,"82,739.07",Elementary,ORO GRANDE ELEM SCH DIST,39240,1301,26498,11441,4646.595597,39240,1301,11441,26498
67843,0.035726906,56596,1170226325.0,36,Redlands Unified,"268,418,871.44","19,810.32","13,549.45",Unified,REDLANDS UNIF SCH DIST,279737,18416,189632,71689,20676.83803,279737,18416,71689,189632
67850,0.03576307,64424,1896261785.0,36,Rialto Unified,"332,179,916.80","24,043.80","13,815.62",Unified,RIALTO UNIFIED SCH DIST,385302,32125,296768,56409,29434.08955,385302,32125,56409,296768
67868,0.086111916,6898,162724541.0,36,Rim of the World Unified,"38,223,691.96","2,916.56","13,105.75",Unified,RIM WORLD UNIFIED SCH DIST,46231,2564,27471,16196,23590.10453,46231,2564,16196,27471
67876,0.135423947,138779,4006689396.0,36,San Bernardino City Unified,"734,692,501.57","45,871.97","16,016.15",Unified,SAN BERNARDINO CITY UNIF SCHOOL DIST,821309,82183,649547,89579,28871.00639,821309,82183,89579,649547
67892,0.6944,1250,104381387.5,36,Trona Joint Unified,"6,507,837.97",262.74,"24,769.12",Unified,TRONA JOINT UNIFIED SCH.DIST,13563,4192,4176,5195,83505.11,13563,4192,5195,4176
67934,0.133351478,69808,854780354.4,36,Victor Valley Union High,"145,424,424.45","10,240.77","14,200.54",High,VICTOR VALLEY JT UNION HIGH SCHOOL DIST,174792,16417,123723,34652,12244.73347,174792,16417,34652,123723
67959,0.047128378,23680,460278040.7,36,Yucaipa-Calimesa Joint Unified,"100,172,187.46","7,722.78","12,971.00",Unified,YUCAIPA JT UNIFIED SCHOOL DIST,112310,7458,83836,21016,19437.41726,112310,7458,21016,83836
67983,0.225094089,36136,173089502.6,37,Borrego Springs Unified,"6,421,475.99",353.29,"18,176.22",Unified,BORREGO SPRINGS UNIF SCH DIST,9332,638,5467,3227,4789.946385,9332,638,3227,5467
68023,0.017585551,8416,2295464936.0,37,Chula Vista Elementary,"305,773,414.81","22,421.27","13,637.65",Elementary,CHULA VISTA ELEM SCH DIST,416423,27291,222181,166951,272750.1112,416423,27291,166951,222181
68031,0.029478458,7056,245216745.3,37,Coronado Unified,"39,365,777.82","2,951.41","13,337.96",Unified,CORONADO UNIF SCH DIST,45380,3430,20599,21351,34752.94009,45380,3430,21351,20599
68049,0.156718612,20406,55793798.41,37,Dehesa Elementary,"3,078,138.56",133.37,"23,079.69",Elementary,DEHESA ELEM SCH DIST,3901,400,1481,2020,2734.185946,3901,400,2020,1481
68106,0.070335421,75666,755307654.7,37,Escondido Union High,"105,203,169.43","6,852.89","15,351.65",High,ESCONDIDO UNION HIGH SCH.DIST,134485,7649,67921,58915,9982.127437,134485,7649,58915,67921
68122,0.114755946,17742,253978397.0,37,Fallbrook Union High,"30,294,159.21","2,026.42","14,949.60",High,FALLBROOK UNION HIGH SCHOOL DIST,36779,3318,16403,17058,14315.09396,36779,3318,17058,16403
68130,0.100095138,159768,1665548059.0,37,Grossmont Union High,"241,974,278.01","15,877.70","15,239.88",High,GROSSMONT UNION HIGH SCHOOL DIST,328281,17835,142529,167917,10424.79132,328281,17835,167917,142529
68163,0.177379984,4916,87265742.57,37,Julian Union Elementary,"4,140,402.52",257.95,"16,051.18",Elementary,JULIAN UNION ELEM SCH DIST,7033,855,3069,3109,17751.37156,7033,855,3109,3069
68171,0.068965517,232,14591873.04,37,Julian Union High,"3,167,941.53",100.78,"31,434.23",High,JULIAN UNION HIGH SCHOOL DIST,3199,99,801,2299,62896.00448,3199,99,2299,801
68189,0.227272727,1408,287036589.1,37,Lakeside Union Elementary,"60,794,483.84","4,806.12","12,649.39",Elementary,LAKESIDE UNION ELEMENTARY SCHOOL DISTRICT,17895,1098,12625,4172,203861.2138,97608,6396,27085,64127
68213,0.158139181,13134,112098228.6,37,Mountain Empire Unified,"24,361,899.80","1,611.98","15,113.03",Unified,MOUNTAIN EMPIRE UNIF SCH DIST,29080,2356,17424,9300,8534.964871,29080,2356,9300,17424
68296,0.014997828,78278,2871679672.0,37,Poway Unified,"402,551,606.92","35,358.75","11,384.78",Unified,POWAY UNIFIED SCHOOL DISTRICT,560819,12442,253125,295252,36685.65462,560819,12442,295252,253125
68304,0.028776978,11954,221231878.3,37,Ramona City Unified,"59,451,827.01","5,135.64","11,576.32",Unified,RAMONA CITY UNIF SCH DIST,65784,3368,33471,28945,18506.93311,65784,3368,28945,33471
68338,0.048026694,285612,13824373623.0,37,San Diego Unified,"1,450,360,685.49","97,695.07","14,845.79",Unified,SAN DIEGO CO SPL SCHS OPER BY CO SUPT,523122,87265,269988,165869,48402.63583,523122,87265,165869,269988
68346,0.019885497,59038,1362309345.0,37,San Dieguito Union High,"158,301,775.68","12,749.97","12,415.85",High,SAN DIEGUITO UNION HIGH SCHOOL DIST,186954,4003,32105,150846,23075.12695,186954,4003,150846,32105
69047,0.044411992,69846,2044309718.0,41,San Mateo Union High,"174,236,860.79","8,755.54","19,900.18",High,SAN DIEGUITO UNION HIGH SCHOOL DIST,186954,4003,32105,150846,29268.81593,186954,4003,150846,32105
68403,0.222738935,12472,58245498.92,37,Spencer Valley Elementary,"2,929,208.01",43.52,"67,307.17",Elementary,SPENCER VAL ELEM SCH DIST,3965,363,1784,1818,4670.10094,3965,363,1818,1784
68411,0.083798734,225075,3018979696.0,37,Sweetwater Union High,"450,830,056.29","36,360.37","12,398.94",High,SWEETWATER UNION HIGH SCH DIST,595949,36850,375984,183115,13413.21647,595949,36850,183115,375984
68452,0.246607368,72289,1222336308.0,37,Vista Unified,"256,927,796.63","19,436.86","13,218.59",Unified,VISTA UNIFIED SCH DIST,320711,23716,190165,106830,16909.02223,320711,23716,106830,190165
68478,0.358403518,217403,5052537042.0,38,San Francisco Unified,"836,008,088.54","50,226.60","16,644.73",Unified,SAN FRANCISCO UNIF SCH DIST,1180639,44573,423188,712878,23240.42006,1180639,44573,712878,423188
68502,0.045646917,6616,175301683.2,39,Escalon Unified,"28,948,674.44","2,605.12","11,112.22",Unified,ESCALON UNIFIED SCH DIST,45268,1808,33284,10176,26496.62684,45268,1808,10176,33284
68569,0.040654997,21252,540739476.4,39,Lincoln Unified,"99,855,473.18","8,434.23","11,839.31",Unified,LINCOLN UNIF SCH DIST,131326,7458,93400,30468,25444.16885,131326,7458,30468,93400
68577,0.040514956,5282,140943809.0,39,Linden Unified,"28,129,977.84","2,245.99","12,524.53",Unified,LINDEN UNIFIED SCH DIST,31565,1898,20935,8732,26683.79572,31565,1898,8732,20935
68585,0.068632856,72560,2873551267.0,39,Lodi Unified,"374,842,437.17","26,684.93","14,046.97",Unified,LODI UNIFIED SCH DIST,436348,33479,311198,91671,39602.41548,436348,33479,91671,311198
68593,0.066147346,60592,2280160669.0,39,Manteca Unified,"263,240,750.24","22,687.73","11,602.78",Unified,MANTECA UNIF SCH DIST,332669,20472,218772,93425,37631.38151,332669,20472,93425,218772
68627,0.193986096,23878,115131731.9,39,New Jerusalem Elementary,"2,894,420.61",23.89,"121,156.16",Elementary,NEW JERUSALEM ELEM SCH DIST,24266,686,19580,4000,4821.665628,24266,686,4000,19580
68650,0.134559253,13704,248765625.6,39,Ripon Unified,"35,003,958.51","3,271.08","10,701.04",Unified,RIPON UNIFIED SCH DIST,44076,1388,28518,14170,18152.77478,44076,1388,14170,28518
68676,0.138028793,90300,3011957597.0,39,Stockton Unified,"522,363,826.21","32,933.81","15,861.02",Unified,STOCKTON CITY UNIFIED SCH DIST,602321,56614,441228,104479,33355.01214,602321,56614,104479,441228
68700,0.046959338,11116,360558445.9,40,Atascadero Unified,"50,287,965.10","4,405.77","11,414.11",Unified,ATASCADERO UNIFIED SCHOOL DISTRICT,63506,2374,22944,38188,32435.9883,63506,2374,38188,22944
68759,0.062374545,26902,763500303.3,40,Lucia Mar Unified,"115,352,511.28","9,805.53","11,764.03",Unified,LUCIA MAR UNIFIED SCHOOL DISTRICT,142500,7319,46492,88689,28380.80081,142500,7319,88689,46492
68809,0.037028545,17446,791505132.5,40,San Luis Coastal Unified,"109,423,453.27","7,262.05","15,067.85",Unified,SAN LUIS COASTAL UNIF SCH DIST,121250,4146,23492,93612,45368.86005,121250,4146,93612,23492
68833,0.0,472,42143054.65,40,Shandon Joint Unified,"4,703,908.74",270.23,"17,407.06",Unified,SHANDON UNIF SCH DIST,5419,369,2323,2727,89286.13273,5419,369,2727,2323
68841,0.04713331,5686,112929174.3,40,Templeton Unified,"25,922,841.61","2,314.29","11,201.21",Unified,TEMPLETON UNIFIED SCH,31520,769,15132,15619,19860.91704,31520,769,15619,15132
68890,0.069521544,7566,394095720.1,41,Cabrillo Unified,"39,805,789.07","2,960.60","13,445.18",Unified,CABRILLO UNIFIED SCHOOL DISTRICT,50627,1619,21383,27625,52087.72404,50627,1619,27625,21383
68916,0.234338747,3448,582765558.3,41,Jefferson Elementary,"69,940,292.39","5,639.93","12,400.91",Elementary,JEFFERSON ELEM SCH DIST,246,17,133,96,169015.5332,118556,5557,39920,73079
68924,0.03998432,35714,807200740.1,41,Jefferson Union High,"61,973,070.19","4,104.76","15,097.85",High,JEFFERSON UNION HIGH SCHOOL DISTRICT,87379,2235,12457,72687,22601.80154,87379,2235,72687,12457
68940,0.0,632,34231143.0,41,La Honda-Pescadero Unified,"6,295,649.12",289.19,"21,769.94",Unified,LA HONDA PESCADERO UNIFIED SCHOOL DISTRICT,7244,483,1242,5519,54163.20095,7244,483,5519,1242
69062,0.061553543,77526,1077327832.0,41,Sequoia Union High,"179,414,368.19","8,378.73","21,413.07",High,SEQUOIA UNION HIGH SCHOOL DISTRICT,243727,4442,37211,202074,13896.34228,243727,4442,202074,37211
69070,0.061024013,20156,725706832.0,41,South San Francisco Unified,"116,526,957.59","7,975.79","14,610.08",Unified,SOUTH SAN FRANCISCO UNIFIED SCH DIST,134791,5555,23810,105426,36004.50645,134791,5555,105426,23810
69112,0.080068143,2348,20453598.9,42,Blochman Union Elementary,"2,354,493.17",200.91,"11,719.14",Elementary,BLOCHMAN UNION ELEM SCH DIST,3928,155,2343,1430,8711.072785,3928,155,1430,2343
69146,0.021077283,5124,303167828.8,42,Carpinteria Unified,"33,221,475.39","2,045.75","16,239.26",Unified,CARPINTERIA UNIFIED SCH DIST,36639,1864,5661,29114,59166.24293,36639,1864,29114,5661
69229,0.034908136,22860,521066946.7,42,Lompoc Unified,"119,923,564.74","9,098.77","13,180.20",Unified,LOMPOC UNIFIED SCH DIST,134568,9780,91114,33674,22793.82969,134568,9780,33674,91114
69260,0.056433409,3544,411238417.3,42,Orcutt Union Elementary,"43,692,715.69","4,112.35","10,624.76",Elementary,ORCUTT UNION SCHOOL DISTRICT,66447,3075,39677,23695,116037.9281,66447,3075,23695,39677
69310,0.041671263,72520,720045993.9,42,Santa Maria Joint Union High,"113,654,749.41","8,385.80","13,553.24",High,SANTA MARIA JT UNION HIGH SCHOOL DIST,144691,7238,82739,54714,9928.929866,144691,7238,54714,82739
69328,0.072055138,6384,72875766.24,42,Santa Ynez Valley Union High,"12,803,058.03",853.2,"15,005.93",High,SANTA YNEZ VAL UNION HIGH SCHOOL DIST,16023,165,1899,13959,11415.37692,16023,165,13959,1899
69401,0.035127783,59554,1198216318.0,43,Campbell Union High,"115,154,786.58","8,204.64","14,035.32",High,CAMPBELL UNION HIGH SCHOOL DIST,181290,5153,25281,150856,20119.82936,181290,5153,150856,25281
69427,0.171493073,230779,3226464474.0,43,East Side Union High,"277,395,663.29","21,771.22","12,741.39",High,EAST WHITTIER ELEM SCH DIST,109283,6643,76821,25819,13980.7542,109283,6643,25819,76821
69468,0.030627464,75096,2129714562.0,43,Fremont Union High,"171,450,908.71","10,667.56","16,072.18",High,FREMONT UNION HIGH SCHOOL DIST,255807,4692,39474,211641,28359.8935,255807,4692,211641,39474
69484,0.111284148,30822,1170890041.0,43,Gilroy Unified,"130,552,011.83","10,615.77","12,297.93",Unified,GILROY UNIFIED SCHOOL DISTRICT,162798,10440,69253,83105,37988.77557,162798,10440,83105,69253
69583,0.036228983,19984,665500912.7,43,Morgan Hill Unified,"90,598,815.24","7,961.51","11,379.60",Unified,MORGAN HILL UNIFIED SCH DIST,131285,5720,29475,96090,33301.68699,131285,5720,96090,29475
69609,0.078026009,29990,1166887659.0,43,Mountain View-Los Altos Union High,"105,618,246.64","4,223.48","25,007.40",High,MOUNTAIN VIEW ELEM SCHOOL DIST,112994,11094,77959,23941,38909.22505,112994,11094,23941,77959
69641,0.039773574,26852,1447097192.0,43,Palo Alto Unified,"263,010,352.34","11,281.59","23,313.23",Unified,PALO ALTO UNIFIED SCHOOL D,316576,5730,46952,263894,53891.59808,316576,5730,263894,46952
69666,0.083383144,76958,2506301795.0,43,San Jose Unified,"369,351,281.74","27,502.21","13,429.88",Unified,SAN JOSE UNIFIED SCH DIST,469489,21617,124637,323235,32567.13785,469489,21617,323235,124637
69674,0.043157836,35822,4254051535.0,43,Santa Clara Unified,"291,750,673.38","14,597.39","19,986.50",Unified,SANTA CLARA UNIF SCH DIST,386857,10474,59874,316509,118755.2771,386857,10474,316509,59874
69799,0.113811728,46656,1257583512.0,44,Pajaro Valley Unified,"255,536,636.95","16,656.99","15,341.11",Unified,PAJARO VALLEY UNIFIED SCHOOL DIST,309179,29122,184585,95472,26954.37912,309179,29122,95472,184585
69856,0.09073421,12476,116993332.3,45,Anderson Union High,"19,417,478.03","1,413.74","13,734.83",High,ANDERSON UNION HIGH SCHOOL DIST,25070,1578,14105,9387,9377.471325,25070,1578,9387,14105
69948,0.0,792,109772347.4,45,Columbia Elementary,"9,624,044.91",735.23,"13,089.84",Elementary,COLUMBIA ELEM SCH DIST,11446,471,6361,4614,138601.4487,11446,471,4614,6361
69971,0.131868132,728,307061774.2,45,Enterprise Elementary,"41,743,047.15","3,427.52","12,178.79",Elementary,ENTERPRISE ELEM SCH DIST,54804,4159,37590,13055,421788.1514,54804,4159,13055,37590
69989,0.082990961,2434,65083938.81,45,Fall River Joint Unified,"17,813,830.80","1,115.22","15,973.38",Unified,FALL RIVER JT UNIFIED SCH DIST,17229,1023,10682,5524,26739.49828,17229,1023,5524,10682
70110,0.037735849,848,258812349.9,45,Redding Elementary,"36,962,257.43","2,808.57","13,160.53",Elementary,REDDING ELEM SCH DIST,44274,3323,27667,13284,305203.2428,44274,3323,13284,27667
70136,0.048944052,36981,385937228.0,45,Shasta Union High,"56,092,319.45","4,016.00","13,967.21",High,SHASTA UNION HIGH SCHOOL DIST,78143,3129,41273,33741,10436.09497,78143,3129,33741,41273
70169,0.054123711,1552,37245941.4,45,Whitmore Union Elementary,"560,412.41",45.15,"12,412.23",Elementary,WHITMORE UNION ELEM SCH DIST,1068,96,632,340,23998.67358,1068,96,340,632
70177,0.029239766,684,32642502.4,46,Sierra-Plumas Joint Unified,"5,755,991.88",409.3,"14,063.01",Unified,SIERRA PLUMAS JT UNIFIED SCH DIST,6551,522,3010,3019,47722.95673,6551,522,3019,3010
70250,0.307692308,312,15416210.62,47,Dunsmuir Joint Union High,"2,032,624.53",55.37,"36,709.85",High,DUNSMUIR ELEM SCH DIST,1512,244,543,725,49410.93147,1512,244,725,543
70466,0.096944152,3796,79380090.06,47,Siskiyou Union High,"7,783,161.27",504.7,"15,421.36",High,SISKIYOU UNION HIGH SCHOOL DIST,10372,293,4309,5770,20911.5095,10372,293,5770,4309
70516,0.049953747,4324,48473666.92,47,Yreka Union High,"9,153,626.14",655.1,"13,972.87",High,YREKA UNION HIGH SCH DIST,10432,606,5297,4529,11210.37625,10432,606,4529,5297
70524,0.03992052,11072,315567260.2,48,Benicia Unified,"47,511,061.87","4,437.87","10,705.83",Unified,BENICIA UNIFIED SCH DIST,63540,1758,33307,28475,28501.37827,63540,1758,28475,33307
70532,0.086687307,9044,257436809.7,48,Dixon Unified,"35,279,389.17","2,905.84","12,140.86",Unified,DIXON UNIFIED SCH DIST,45087,2844,26843,15400,28464.9281,45087,2844,15400,26843
70565,0.006774442,12990,318364065.5,48,Travis Unified,"59,487,361.71","5,274.19","11,278.96",Unified,TRAVIS UNIFIED SCHOOL DISTRICT,76974,11910,50293,14771,24508.39612,76974,11910,14771,50293
70573,0.04830856,31216,1227067567.0,48,Vacaville Unified,"130,181,665.59","11,111.92","11,715.50",Unified,VACAVILLE UNIFIED SCHOOL DISTRICT,169724,7284,99659,62781,39308.93024,169724,7284,62781,99659
70581,0.203868609,33914,1142161459.0,48,Vallejo City Unified,"136,351,115.42","10,266.64","13,280.99",Unified,VALLEJO CITY UNIF SCH DIST,193537,14836,128623,50078,33678.17006,193537,14836,50078,128623
70607,0.027877055,13990,272741166.7,49,West Sonoma County Union High,"24,111,032.48","1,694.93","14,225.39",High,WEST SONOMA COUNTY UNION HIGH SCHOOL DISTRICT,33082,956,9979,22147,19495.43722,33082,956,22147,9979
70656,0.095518868,3392,219880872.2,49,Cloverdale Unified,"16,630,297.08","1,315.16","12,645.08",Unified,CLOVERDALE UN SCH DIST,20952,961,8354,11637,64823.37033,20952,961,11637,8354
70706,0.0,258,53429555.72,49,Geyserville Unified,"3,987,622.37",210.48,"18,945.37",Unified,GEYSERVILLE UNIF SCH DIST,4654,173,1330,3151,207091.3012,4654,173,3151,1330
70722,0.436936937,888,35729980.97,49,Guerneville Elementary,"5,241,263.45",260.99,"20,082.24",Elementary,GUERNEVILLE ELEM SCH DIST,9272,288,5736,3248,40236.46506,9272,288,3248,5736
70730,0.060773481,1448,63807339.6,49,Harmony Union Elementary,"4,779,417.15",214.7,"22,260.91",Elementary,HARMONY UNION ELEM SCH DIST,6982,150,3666,3166,44065.84227,6982,150,3166,3666
70839,0.425698324,3580,67400814.63,49,Oak Grove Union Elementary,"10,643,700.46",839.24,"12,682.55",Elementary,OAK GROVE UNION ELEM SCH DIST,13903,180,9425,4298,18827.04319,13903,180,4298,9425
70870,0.0,104,121389570.6,49,Piner-Olivet Union Elementary,"13,538,993.91",910.57,"14,868.70",Elementary,PINER OLIVET UNION ELEM SCHOOL DIST,18811,870,9564,8377,1167207.409,18811,870,8377,9564
70904,0.031578947,6080,392641416.6,49,Roseland,"33,890,757.75","1,361.75","24,887.65",Elementary,ROSELAND SCHOOL DISTRICT,38367,2430,16385,19552,64579.18036,38367,2430,19552,16385
70953,0.027932961,10024,671323183.6,49,Sonoma Valley Unified,"63,512,509.81","3,518.61","18,050.45",Unified,SONOMA VALLEY UNIF SCH DIST,73010,4091,11619,57300,66971.58655,73010,4091,57300,11619
70961,0.096491228,912,67843178.31,49,Twin Hills Union Elementary,"8,510,915.72",611.14,"13,926.29",Elementary,TWIN HILLS UNION ELEM SCH DIST,15204,328,9015,5861,74389.4499,15204,328,5861,9015
71043,0.08883303,37396,892783173.3,50,Ceres Unified,"186,856,227.11","13,189.30","14,167.26",Unified,CERES UNIF SCH DIST,205786,16195,157168,32423,23873.76119,205786,16195,32423,157168
71068,0.120619026,4394,72439654.05,50,Denair Unified,"16,473,771.47","1,253.10","13,146.41",Unified,DENAIR UNIFIED SCH DIST,20261,1503,9193,9565,16486.0387,20261,1503,9565,9193
71092,0.043478261,368,86001012.62,50,Hart-Ransom Union Elementary,"8,741,760.83",777.15,"11,248.49",Elementary,HART RANSOM UNION ELEMENTARY SCHOOL DISTRICT,13263,449,10236,2578,233698.4039,13263,449,2578,10236
71134,0.109375,512,81843643.68,50,Keyes Union,"10,800,743.34",736.21,"14,670.74",Elementary,KEYES UNION ELEM SCH DIST,17091,1045,11905,4141,159850.8666,17091,1045,4141,11905
71217,0.073355303,16386,559000923.8,50,Patterson Joint Unified,"77,929,388.46","5,814.81","13,401.88",Unified,PATTERSON JOINT UNIFIED SCHOOL DISTRICT,96591,6507,64751,25333,34114.54435,96591,6507,25333,64751
71373,0.045454545,2112,18703680.76,51,East Nicolaus Joint Union High,"3,560,557.28",295.25,"12,059.47",High,EAST NICOLAUS JT UHS DIST,4567,99,2942,1526,8855.909451,4567,99,1526,2942
71399,0.025526742,4936,104089710.1,51,Live Oak Unified,"24,672,778.01","1,804.30","13,674.43",Unified,LIVE OAK UNIF SCH DIST,27797,1993,18944,6860,21087.86672,27797,1993,6860,18944
71407,0.051451187,6064,12759521.08,51,Marcum-Illinois Union Elementary,"2,432,279.94",175.01,"13,897.95",Elementary,MARCUM ILLINOIS UNION ELEM SCHOOL DIST,2889,95,2073,721,2104.142658,2889,95,721,2073
71415,0.277901786,3584,9177147.18,51,Meridian Elementary,"804,554.94",59.2,"13,590.46",Elementary,MERIDIAN ELEM SCH DIST,1750,227,775,748,2560.587941,1750,227,748,775
71423,0.0,872,32203816.74,51,Nuestro Elementary,"1,642,210.94",178.36,"9,207.28",Elementary,NUESTRO ELEM SCH DIST,2227,22,1653,552,36930.9825,2227,22,552,1653
71449,0.012014417,4994,37619491.33,51,Sutter Union High,"8,517,294.33",774.13,"11,002.41",High,SUTTER UNION H SCH DIST,9959,270,6782,2907,7532.937791,9959,270,2907,6782
71464,0.108178763,32132,727377383.3,51,Yuba City Unified,"143,980,011.38","11,641.08","12,368.27",Unified,YUBA CITY UNIFIED SCHOOL DISTRICT,186432,14417,130819,41196,22637.16492,186432,14417,41196,130819
71506,0.058938616,8178,102878939.8,52,Corning Union High,"13,750,704.32","1,017.95","13,508.23",High,CORNING UNION ELEM SCH DIST,29856,2847,22558,4451,12579.9633,29856,2847,4451,22558
71571,0.02020202,1584,30049820.02,52,Los Molinos Unified,"7,306,076.43",543.44,"13,444.13",Unified,LOS MOLINOS UNIFIED SCH DIST,15497,641,13034,1822,18970.84597,15497,641,1822,13034
71639,0.059582391,15038,98872433.38,52,Red Bluff Joint Union High,"22,212,469.56","1,683.40","13,195.00",High,RED BLUFF UNION ELEM SCH DIST,27285,2487,19893,4905,6574.839299,27285,2487,4905,19893
71803,0.191519435,2830,25448745.97,54,Alpaugh Unified,"4,870,185.44",310.99,"15,660.26",Unified,ALPAUGH UNIFIED SCH DIST,5652,502,4483,667,8992.489742,5652,502,667,4483
71837,0.02247191,2848,258541061.0,54,Burton Elementary,"59,535,867.01","4,730.34","12,585.96",Elementary,BURTON ELEM SCH DIST,81062,4588,71491,4983,90779.86693,81062,4588,4983,71491
71993,0.025914634,11808,440145105.0,54,Lindsay Unified,"61,894,591.73","3,932.80","15,738.05",Unified,LINDSAY UNIFIED SCH DIST,84431,21318,55704,7409,37275.16133,84431,21318,7409,55704
72140,0.234626551,7578,47211404.1,54,Stone Corral Elementary,"1,961,051.07",127.45,"15,386.83",Elementary,STONE CORRAL ELEM SCH DISTRICT,2202,97,1630,475,6230.061243,2202,97,475,1630
72249,0.015528739,43339,453994096.1,54,Tulare Joint Union High,"76,899,727.78","5,458.92","14,086.99",High,TULARE JOINT UNION HIGH SCH DIST,95871,6264,67936,21671,10475.41697,95871,6264,21671,67936
72256,0.050053154,67728,2423408683.0,54,Visalia Unified,"350,984,365.33","28,001.35","12,534.55",Unified,VISALIA UNIFIED SCHOOL DIST,416839,32453,310544,73842,35781.48894,416839,32453,73842,310544
72389,0.148302727,7188,65999948.52,55,Sonora Union High,"13,470,569.38",950.4,"14,173.58",High,SONORA UNION HIGH SCHOOL DIST,16414,512,4073,11829,9181.962788,16414,512,11829,4073
72413,0.013665595,4976,69844465.86,55,Summerville Union High,"6,311,698.14",390.1,"16,179.69",High,SUMMERVILLE UNION HIGH SCHOOL DIST,13326,213,7217,5896,14036.26725,13326,213,5896,7217
72454,0.053406637,10186,274526583.0,56,Fillmore Unified,"52,227,419.82","3,579.36","14,591.27",Unified,FILLMORE UNIFIED SCH DIST,59794,5441,41171,13182,26951.36295,59794,5441,13182,41171
72470,0.0625,512,70174031.34,56,Mesa Union Elementary,"6,204,674.75",592.29,"10,475.74",Elementary,MESA UNION ELEM SCH DIST,8334,486,4364,3484,137058.655,8334,486,3484,4364
72520,0.020853385,6234,215264304.8,56,Ojai Unified,"29,363,984.08","2,247.28","13,066.46",Unified,OJAI UNIFIED SCH DIST,35080,3847,11906,19327,34530.68732,35080,3847,19327,11906
72546,0.095828636,140146,1770163651.0,56,Oxnard Union High,"216,505,055.99","15,949.20","13,574.67",High,OXNARD UNION H SCH DIST,259692,14274,142011,103407,12630.8539,259692,14274,103407,142011
72553,0.415966387,1904,434012084.7,56,Pleasant Valley,"60,150,792.05","5,986.86","10,047.14",Elementary,PLEASANT VALLEY SCHOOL DISTRICT,82949,3626,36921,42402,227947.5235,82949,3626,42402,36921
72603,0.033709011,39218,1475132596.0,56,Simi Valley Unified,"189,222,729.43","15,718.53","12,038.20",Unified,SIMI VALLEY UNIFIED SCH DIST,229810,9083,117331,103396,37613.66199,229810,9083,103396,117331
72652,0.07764458,39874,772279218.4,56,Ventura Unified,"196,192,063.07","15,528.67","12,634.18",Unified,VENTURA UNIF SCH DIST,222549,13954,120894,87701,19367.98963,222549,13954,87701,120894
72678,0.01372011,20408,1065546623.0,57,Davis Joint Unified,"106,719,054.07","7,637.43","13,973.16",Unified,DAVIS JT UNIF SCH DIST,128234,3649,57154,67431,52212.20224,128234,3649,67431,57154
72686,0.018867925,2120,56152048.45,57,Esparto Unified,"13,385,738.01",907.75,"14,746.06",Unified,ESPARTO UNIFIED SCH DIST,16002,897,8088,7017,26486.81531,16002,897,7017,8088
72694,0.023709902,20076,788842573.5,57,Washington Unified,"90,469,228.75","7,210.35","12,547.13",Unified,WASHINGTON UNIFIED SCHOOL DISTRICT,44926,4689,31459,8778,39292.81597,44926,4689,8778,31459
76778,0.087373606,11571,247922777.5,10,Washington Unified,"34,518,101.54","2,458.62","14,039.62",Unified,WASHINGTON UNIFIED SCHOOL DISTRICT,44926,4689,31459,8778,21426.21878,44926,4689,8778,31459
72702,0.043257612,4138,168632309.9,57,Winters Joint Unified,"20,849,341.79","1,481.99","14,068.48",Unified,WINTERS JT UNIFIED SCH DIST,23593,1130,15110,7353,40752.12902,23593,1130,7353,15110
72710,0.066919877,22116,534581377.6,57,Woodland Joint Unified,"113,938,509.23","9,157.85","12,441.62",Unified,WOODLAND JT UNIFIED SCH DIST,144515,8790,88903,46822,24171.70273,144515,8790,46822,88903
72728,0.066666667,1680,29567247.68,58,Camptonville Elementary,"875,381.07",46.78,"18,712.72",Elementary,CAMPTONVILLE UNION SCH DIST,1015,75,628,312,17599.55219,1015,75,312,628
72736,0.135697485,22108,851561800.4,58,Marysville Joint Unified,"115,960,984.35","9,148.96","12,674.77",Unified,MARYSVILLE UNIF SCH DIST,146740,13945,102555,30240,38518.2649,146740,13945,30240,102555
72769,0.00375,6400,72177397.61,58,Wheatland Union High,"10,373,283.45",846,"12,261.56",High,WHEATLAND UNION HIGH SCH DIST,11933,550,7366,4017,11277.71838,11933,550,4017,7366
73361,0.048387097,992,112512704.8,21,Shoreline Unified,"15,258,670.54",474.68,"32,145.17",Unified,SHORELINE UNIFIED SCH DIST,17567,2185,2883,12499,113420.0653,17567,2185,12499,2883
73387,0.024161813,25412,866973176.4,43,Milpitas Unified,"123,168,452.27","9,989.79","12,329.43",Unified,MILPITAS UNIFIED SCH DIST,158127,6125,48578,103424,34116.6841,158127,6125,103424,48578
73437,0.159972683,46858,3033538621.0,19,Compton Unified,"285,208,801.97","19,392.57","14,707.12",Unified,COMPTON UNIFIED SCH DIST,364185,37648,256445,70092,64738.96925,364185,37648,70092,256445
73445,0.043694279,43072,2262655045.0,19,Hacienda la Puente Unified,"241,812,805.24","17,109.30","14,133.41",Unified,HACIENDA LA PUENTE UNIFIED SCHOOL DIST,311551,26266,224169,61116,52531.92434,311551,26266,61116,224169
73452,0.072504183,39446,1449335447.0,19,Rowland Unified,"188,053,297.21","12,595.26","14,930.48",Unified,ROWLAND UNIFIED SCH DIST,229374,18268,157659,53447,36742.26657,229374,18268,53447,157659
73460,0.010686395,34062,1055086324.0,19,Walnut Valley Unified,"156,741,864.86","13,436.13","11,665.70",Unified,WALNUT VALLEY UNIF SCH DIST,187144,5166,114802,67176,30975.46604,187144,5166,67176,114802
73551,0.062237298,27122,1318170446.0,37,Carlsbad Unified,"132,047,310.91","11,012.48","11,990.70",Unified,CARLSBAD UNIF SCHOOL DISTRICT,156202,5763,30007,120432,48601.52074,156202,5763,120432,30007
73569,0.084582572,49230,1174683960.0,37,Oceanside Unified,"222,417,855.77","16,289.85","13,653.77",Unified,OCEANSIDE UNIF SCH DIST,265307,24173,148089,93045,23861.14076,265307,24173,93045,148089
73585,0.118683901,1702,61937612.65,25,Modoc Joint Unified,"9,828,919.10",788.24,"12,469.45",Unified,MODOC JT UNIFIED SCHOOL DIST,12198,1098,7902,3198,36391.07676,12198,1098,3198,7902
73593,0.0,564,30036258.42,25,Tulelake Basin Joint Unified,"5,996,901.06",386.9,"15,499.87",Unified,TULELAKE BASIN JT. UNIF. SCH. DIST.,6335,541,4226,1568,53255.77734,6335,541,1568,4226
73619,0.08440693,4502,117367988.1,24,Gustine Unified,"21,864,703.82","1,728.53","12,649.31",Unified,GUSTINE UNIFIED SCHOOL DIST,27002,2403,19782,4817,26070.18838,27002,2403,4817,19782
73635,0.040850909,66094,1549464138.0,30,Saddleback Valley Unified,"301,269,981.58","25,249.34","11,931.80",Unified,SADDLEBACK VALLEY UNIFIED SCHOOL DIST,362530,14874,112647,235009,23443.34036,362530,14874,235009,112647
73643,0.025092906,60814,1813096030.0,30,Tustin Unified,"265,326,239.96","22,653.53","11,712.36",Unified,TUSTIN UNIFIED SCH DIST,336754,13328,126473,196953,29813.79337,336754,13328,196953,126473
73650,0.023102754,74450,4305010652.0,30,Irvine Unified,"407,657,007.06","35,035.57","11,635.52",Unified,IRVINE UNIFIED SCHOOL DIST,508026,15447,144951,347628,57824.18605,508026,15447,347628,144951
73668,0.0,596,60219723.25,26,Eastern Sierra Unified,"10,494,399.60",404.19,"25,964.03",Unified,EASTERN SIERRA UNIFIED SCHOOL DIST,11875,1032,1786,9057,101039.8041,11875,1032,9057,1786
73676,0.163667558,50126,1357157624.0,33,Coachella Valley Unified,"258,956,844.63","16,681.96","15,523.17",Unified,COACHELLA VALLEY UNIF SCH DIST,306750,33581,206210,66959,27074.92367,306750,33581,66959,206210
73684,0.12371134,776,27712257.42,47,Butte Valley Unified,"4,118,414.83",271.62,"15,162.41",Unified,BUTTE VALLEY UNIF SCH DIST,5250,309,3358,1583,35711.67193,5250,309,1583,3358
73692,0.021857923,2196,211504937.1,26,Mammoth Unified,"14,366,621.25","1,125.21","12,767.95",Unified,MAMMOTH UNIFIED SCHOOL DISTRICT,20936,900,3168,16868,96313.72364,20936,900,16868,3168
73742,0.105703048,12204,443135500.4,15,Sierra Sands Unified,"62,534,541.66","4,928.89","12,687.35",Unified,SIERRA SANDS UNIFIED SCHOOL DISTRICT,70049,9788,49731,10530,36310.67686,70049,9788,10530,49731
73759,0.040285405,49894,1131503828.0,56,Conejo Valley Unified,"198,598,918.24","17,614.50","11,274.74",Unified,CONEJO VALLEY UNIFIED SCHOOL DISTRICT,230699,7755,78039,144905,22678.15426,230699,7755,144905,78039
73783,0.059051307,3099,65224753.12,9,Black Oak Mine Unified,"14,727,321.21","1,205.12","12,220.63",Unified,BLACK OAK MINE UNIF SCH DIST,16215,772,6946,8497,21047.03231,16215,772,8497,6946
73791,0.046590674,48250,1489847124.0,37,San Marcos Unified,"239,547,226.90","20,062.93","11,939.79",Unified,SAN MARCOS UNIFIED SCH DIST,289545,14100,159484,115961,30877.6606,289545,14100,115961,159484
73825,0.065227307,13154,319450279.5,27,North Monterey County Unified,"61,870,319.62","4,341.77","14,250.02",Unified,NORTH MONTEREY CO UNIFIED SCHOOL DISTRICT,71506,6383,41109,24014,24285.40972,71506,6383,24014,41109
73866,0.170212766,188,25395075.94,23,Potter Valley Community Unified,"3,856,883.54",272.93,"14,131.40",Unified,POTTER VALLEY CMTY. UNIF. SCH. DIST.,4883,347,2522,2014,135080.1912,4883,347,2014,2522
73874,0.003514252,10244,200675253.4,56,Oak Park Unified,"45,294,659.28","4,373.94","10,355.57",Unified,OAK PARK UNIFIED SCHOOL DIST,55199,1164,30104,23931,19589.54055,55199,1164,23931,30104
73890,0.0,3234,144559443.2,36,Silver Valley Unified,"33,460,194.74","2,036.64","16,429.12",Unified,SILVER VLY UNIFIED SCHOOL DIST,36739,11205,21655,3879,44699.88967,36739,11205,3879,21655
73908,0.073644329,8446,378769070.3,15,McFarland Unified,"42,352,277.45","3,288.86","12,877.49",Unified,MCFARLAND UNIFIED SCHOOL DIST,58454,5557,39924,12973,44845.9709,58454,5557,12973,39924
73916,0.063545151,598,41060001.31,23,Laytonville Unified,"5,218,919.87",337.37,"15,469.42",Unified,LAYTONVILLE UNIFIED SCHOOL DST,6953,494,2599,3860,68662.20955,6953,494,3860,2599
73924,0.009865301,21084,853931762.3,30,Los Alamitos Unified,"112,499,501.74","9,436.75","11,921.42",Unified,LOS ALAMITOS UNIF SCH DIST,125736,6313,55256,64167,40501.41161,125736,6313,64167,55256
73932,0.149145028,6316,235886723.0,16,Reef-Sunset Unified,"34,201,232.17","2,599.88","13,154.93",Unified,REEF SUNSET UNIFIED SCHOOL DISTRICT,41741,3391,33396,4954,37347.48622,41741,3391,4954,33396
73940,0.063056981,14812,277728384.0,56,Moorpark Unified,"63,718,543.01","5,858.72","10,875.85",Unified,MOORPARK UNIFIED SCH DIST,78165,3020,42164,32981,18750.22847,78165,3020,32981,42164
73957,0.046547631,19378,453588023.8,36,Snowline Joint Unified,"87,079,059.95","7,099.79","12,265.02",Unified,SNOWLINE JOINT UNIF SCH DIST,100539,6011,79479,15049,23407.37041,100539,6011,15049,79479
73965,0.072595906,34878,1226320568.0,10,Central Unified,"193,154,329.59","15,039.38","12,843.24",Unified,CENTRAL UNIFIED SCHOOL DIST,229503,17740,169715,42048,35160.28922,229503,17740,42048,169715
73973,0.051381781,9770,340990540.0,34,Center Joint Unified,"50,138,624.35","4,024.39","12,458.69",Unified,CENTER FOR ADVANCED RESEARCH AND TECHNOLOGY,4492,0,0,4492,34901.79529,4492,0,4492,0
73981,0.044266442,9488,158041319.9,3,Amador County Unified,"41,374,787.27","3,723.58","11,111.56",Unified,AMADOR CO UNIF SCH DIST,49778,2059,18223,29496,16656.96879,49778,2059,29496,18223
73999,0.028928623,13758,497933259.3,10,Kerman Unified,"59,126,904.56","5,055.20","11,696.25",Unified,KERMAN UNIF SCH DIST,74615,6170,56724,11721,36192.27063,74615,6170,11721,56724
75010,0.651376147,981,22798741.48,42,Cuyama Joint Unified,"2,869,001.23",190.26,"15,079.37",Unified,CUYAMA JT UNIFIED SCH DIST,7357,184,3030,4143,23240.30732,7357,184,4143,3030
75028,0.035714286,168,65422291.96,53,Mountain Valley Unified,"4,771,649.00",276.26,"17,272.31",Unified,MOUNTAIN VALLEY UNIF SCH DIST,24798,624,22254,1920,389418.4045,24798,624,1920,22254
75036,0.170556553,1114,31957607.86,18,Fort Sage Unified,"2,584,112.88",119.39,"21,644.30",Unified,FORT SAGE UNIFIED SCHOOL DISTRICT,3811,173,3042,596,28687.2602,3811,173,596,3042
75044,0.08001734,66898,1427336608.0,36,Hesperia Unified,"263,541,285.55","20,924.95","12,594.60",Unified,HESPERIA UNIF SCHOOL DISTRICT,305927,24319,246630,34978,21336.01316,305927,24319,34978,246630
75051,0.214401332,43246,138839265.1,36,Lucerne Valley Unified,"13,506,564.79",865.31,"15,608.93",Unified,LUCERNE VALLEY UNIFIED SCH DT,13623,1122,9878,2623,3210.453338,13623,1122,2623,9878
75069,0.042428095,25172,583696830.3,36,Upland Unified,"120,950,429.14","10,115.84","11,956.54",Unified,UPLAND UNIF SCHOOL DISTRICT,141497,10125,87744,43628,23188.33745,141497,10125,43628,87744
75077,0.065650504,33328,699726732.0,36,Apple Valley Unified,"168,164,312.27","12,510.06","13,442.33",Unified,APPLE VALLEY UNIF SCH DIST,179866,14963,141119,23784,20995.16119,179866,14963,23784,141119
75085,0.014932216,30538,832837491.7,31,Rocklin Unified,"130,280,670.11","11,705.27","11,130.09",Unified,ROCKLIN UNIF SCHOOL DISTRICT,166805,4287,84622,77896,27272.16883,166805,4287,77896,84622
75093,0.007327797,20470,1992745437.0,1,Dublin Unified,"138,189,630.34","12,207.37","11,320.18",Unified,DUBLIN UNIF SCH DISTRICT,179202,2239,73992,102971,97349.55727,179202,2239,102971,73992
75101,0.040287944,33062,1229186470.0,1,Pleasanton Unified,"172,035,908.64","14,367.60","11,973.88",Unified,PLEASANTON UNIFIED SCH DIST,222385,4831,109131,108423,37178.22485,222385,4831,108423,109131
75127,0.157501335,7492,362523740.8,10,Mendota Unified,"45,644,907.57","3,435.71","13,285.44",Unified,MENDOTA UNIFIED SCHOOL DIST,73601,6135,60500,6966,48388.11276,73601,6135,6966,60500
75168,0.016326531,1960,67141164.52,15,El Tejon Unified,"8,640,490.43",700.19,"12,340.21",Unified,EL TEJON UNIFIED SCH DIST,11325,791,5567,4967,34255.69618,11325,791,4967,5567
75176,0.022110704,53006,1131067279.0,33,Lake Elsinore Unified,"260,271,926.51","20,014.54","13,004.14",Unified,LAKE ELSINORE UNIF SCHOOL DIST,299469,21593,200746,77130,21338.47639,299469,21593,77130,200746
75192,0.022190944,66784,1838451972.0,33,Temecula Valley Unified,"307,521,291.39","26,736.09","11,502.10",Unified,TEMECULA VALLEY UNIF SCHOOL DIST,367281,13626,220293,133362,27528.32972,367281,13626,133362,220293
75200,0.013680628,59354,1126632297.0,33,Murrieta Valley Unified,"265,456,089.34","22,340.04","11,882.53",Unified,MURRIETA VALLEY UNIF SCH DIST,300765,13570,179037,108158,18981.57322,300765,13570,108158,179037
75234,0.074632492,5306,128099509.4,10,Golden Plains Unified,"23,128,058.66","1,497.00","15,449.60",Unified,GOLDEN PLAINS UNIFIED SCH DIST,27202,3065,17457,6680,24142.38775,27202,3065,6680,17457
75242,0.078370344,57190,2301969291.0,33,Val Verde Unified,"257,468,685.08","19,126.86","13,461.11",Unified,VAL VERDE UNIFIED SCHOOL DISTRICT,490494,75568,337091,77835,40251.25531,490494,75568,77835,337091
75267,0.1416,5000,195770040.0,45,Gateway Unified,"33,641,104.65","2,075.84","16,206.02",Unified,GATEWAY UNIFIED SCHOOL DISTRICT,40493,3394,17868,19231,39154.008,40493,3394,19231,17868
75275,0.032327586,3712,66396825.11,10,Sierra Unified,"18,619,134.10","1,169.40","15,921.95",Unified,SIERRA UNIFIED SCHOOL DISTRICT,19112,1456,8388,9268,17887.07573,19112,1456,9268,8388
75283,0.018170058,34012,1784472348.0,34,Natomas Unified,"134,819,814.62","10,008.76","13,470.18",Unified,NATOMAS UNIFIED SCHOOL DIST,201610,8727,127069,65814,52465.96342,201610,8727,65814,127069
75291,0.113109394,20184,279820940.6,19,San Gabriel Unified,"64,269,475.74","4,784.26","13,433.52",Unified,SAN GABRIEL UNIFIED SCHOOL DIST,76470,5208,45610,25652,13863.5028,76470,5208,25652,45610
75325,0.052597403,6160,169592027.4,54,Farmersville Unified,"34,639,993.34","2,398.24","14,443.92",Unified,FARMERSVILLE UNIFIED SCHOOL DISTRICT,38950,4372,31388,3190,27531.17329,38950,4372,3190,31388
75333,0.011318898,16256,748539004.8,19,Manhattan Beach Unified,"85,690,979.98","6,302.25","13,596.89",Unified,MANHATTAN BEACH UNIFIED SCH DIST,117236,2398,27065,87773,46046.93681,117236,2398,87773,27065
75341,0.031133607,20942,553672030.1,19,Redondo Beach Unified,"103,639,913.40","9,743.71","10,636.60",Unified,REDONDO BEACH UNIFIED SCH DT,139858,5538,56132,78188,26438.35499,139858,5538,78188,56132
75358,0.043831418,13050,452102408.4,49,Windsor Unified,"44,428,725.20","3,526.69","12,597.85",Unified,WINDSOR UNIFIED SCHOOL DISTRICT,78602,4377,31277,42948,34643.86271,78602,4377,42948,31277
75366,0.004884005,6552,181732409.5,24,Delhi Unified,"32,939,658.45","2,458.62","13,397.62",Unified,DELHI UNIFIED SCHOOL DISTRICT,39093,3127,31803,4163,27736.93673,39093,3127,4163,31803
75374,0.0,1360,30346099.36,12,Ferndale Unified,"6,248,963.52",436.63,"14,311.81",Unified,FERNDALE UNIFIED SCHOOL DISTRICT,7148,468,4493,2187,22313.30835,7148,468,2187,4493
75390,0.026707756,3894,277464899.5,49,Healdsburg Unified,"25,058,512.31","1,332.95","18,799.29",Unified,HEALDSBURG UNIFIED SCHOOL DISTRICT,36711,1281,5591,29839,71254.46828,36711,1281,29839,5591
75408,0.017184035,3608,113346147.7,10,Riverdale Joint Unified,"21,915,337.80","1,489.41","14,714.11",Unified,RIVERDALE JOINT UNIFIED SCHOOL DISTRICT,24836,2113,16819,5904,31415.22941,24836,2113,5904,16819
75416,0.160100738,5559,27241598.1,37,Warner Unified,"4,283,074.10",179.51,"23,859.81",Unified,WARNER UNIFIED SCHOOL DISTRICT,5144,487,2917,1740,4900.449379,5144,487,1740,2917
75432,0.069666183,6890,155920530.2,44,Scotts Valley Unified,"23,102,777.20","2,352.45","9,820.73",Unified,SCOTTS VALLEY UNIFIED SCHOOL DISTRICT,31643,879,10889,19875,22629.97535,31643,879,19875,10889
75440,0.042735043,12636,284272387.6,27,Soledad Unified,"70,760,117.98","4,640.49","15,248.42",Unified,SOLEDAD UNIFIED SCHOOL DISTRICT,77561,5854,54554,17153,22497.0234,77561,5854,17153,54554
75457,0.058478186,17374,475500109.0,40,Paso Robles Joint Unified,"73,436,447.77","6,472.17","11,346.50",Unified,PASO ROBLES JOINT UNIFIED SCHOOL DISTRICT,94356,5159,35353,53844,27368.48791,94356,5159,53844,35353
75465,0.10321489,1182,72397586.92,40,Coast Unified,"11,690,633.13",550.92,"21,220.20",Unified,COAST UNIFIED SCHOOL DISTRICT,15237,509,2125,12603,61250.07354,15237,509,12603,2125
75473,0.076608784,7832,169241730.4,27,Gonzales Unified,"28,897,562.10","2,234.49","12,932.51",Unified,GONZALES UNIFIED SCHOOL DISTRICT,35585,3178,20335,12072,21609.00541,35585,3178,12072,20335
75481,0.056842105,5700,141412171.2,11,Orland Joint Unified,"26,117,408.62","2,145.54","12,172.88",Unified,ORLAND JOINT UNIFIED SCHOOL DISTRICT,31588,2547,21577,7464,24809.15284,31588,2547,7464,21577
75499,0.156283925,47900,1090767600.0,39,Tracy Joint Unified,"162,775,842.29","13,879.32","11,727.94",Unified,TRACY JOINT UNIFIED SCHOOL DISTRICT,203780,11329,133354,59097,22771.76619,203780,11329,59097,133354
75507,0.068616829,5538,146345439.1,4,Gridley Unified,"26,483,633.56","1,983.49","13,352.04",Unified,GRIDLEY UNIFIED SCHOOL DISTRICT,28197,1919,21345,4933,26425.6842,28197,1919,4933,21345
75515,0.067563643,10331,357911769.6,12,Eureka City Schools,"41,232,259.43","3,449.54","11,952.97",Unified,EUREKA CITY UNIFIED SCHOOL DISTRICT,56785,6244,29635,20906,34644.4458,56785,6244,20906,29635
75523,0.111973182,57871,1325220599.0,54,Porterville Unified,"164,662,446.09","12,759.54","12,905.05",Unified,PORTERVILLE UNIFIED SCHOOL DISTRICT,226185,23149,176309,26727,22899.56281,226185,23149,26727,176309
75531,0.042553191,19834,649777576.9,54,Dinuba Unified,"77,819,822.70","6,329.11","12,295.54",Unified,DINUBA UNIFIED SCHOOL DISTRICT,97661,7776,79841,10044,32760.79343,97661,7776,10044,79841
75549,0.012738854,5652,113022839.2,50,Hughson Unified,"25,599,186.12","2,017.78","12,686.81",Unified,HUGHSON UNIFIED SCHOOL DISTRICT,26939,1758,16227,8954,19996.96376,26939,1758,8954,16227
75556,0.035862069,7250,206624361.6,50,Riverbank Unified,"35,541,780.12","2,275.73","15,617.75",Unified,RIVERBANK UNIFIED SCHOOL DISTRICT,46971,5546,34261,7164,28499.91195,46971,5546,7164,34261
75564,0.06306722,13002,272437227.3,50,Oakdale Joint Unified,"60,193,296.13","5,101.69","11,798.70",Unified,OAKDALE JOINT UNIFIED SCHOOL DISTRICT,65810,3150,39959,22701,20953.48618,65810,3150,22701,39959
75572,0.040373345,9214,160968380.0,50,Waterford Unified,"25,534,808.19","1,723.69","14,814.04",Unified,WATERFORD UNIFIED SCHOOL DISTRICT,29630,2343,19670,7617,17469.97829,29630,2343,7617,19670
75580,0.057390363,3694,308577785.4,20,Golden Valley Unified,"22,896,665.76","1,953.51","11,720.78",Unified,GOLDEN VALLEY UNIFIED SCHOOL DISTRICT,28254,864,16522,10868,83534.86339,28254,864,10868,16522
75598,0.021112464,4926,147766129.6,10,Caruthers Unified,"21,790,939.97","1,480.69","14,716.75",Unified,CARUTHERS UNIFIED SCHOOL DISTRICT,24594,2454,17248,4892,29997.18424,24594,2454,4892,17248
75606,0.003597122,4448,95309005.37,20,Chawanakee Unified,"10,986,018.64",869.8,"12,630.51",Unified,CHAWANAKEE JOINT UNIFIED SCHOOL DISTRICT,33902,689,11525,21688,21427.3843,33902,689,21688,11525
75713,0.009729649,53856,1666697818.0,19,Alhambra Unified,"208,162,779.25","15,754.91","13,212.57",Unified,ALHAMBRA UNIFIED SCHOOL DISTRICT,319149,32429,208034,78686,30947.30055,319149,32429,78686,208034
75739,0.067900187,41237,1059264854.0,50,Turlock Unified,"174,920,002.43","13,440.56","13,014.34",Unified,TURLOCK UNIFIED SCHOOL DISTRICT,208098,12648,137662,57788,25687.24336,208098,12648,57788,137662
76414,0.213460904,6062,85177963.99,20,Yosemite Unified,"17,838,256.07","1,411.86","12,634.58",Unified,YOSEMITE UNIFIED SCHOOL DISTRICT,23569,1441,13214,8914,14051.1323,23569,1441,8914,13214
76455,0.0,1004,58486121.43,47,Scott Valley Unified,"9,257,519.92",634.91,"14,580.84",Unified,SCOTT VALLEY UNIFIED SCHOOL DISTRICT,10984,887,6486,3611,58253.10899,10984,887,3611,6486
76505,0.292243418,83297,2452871793.0,34,Twin Rivers Unified,"360,180,790.38","23,889.72","15,076.81",Unified,TWIN RIVERS UNIFIED SCHOOL DISTRICT,432046,42991,303971,85084,29447.30054,432046,42991,85084,303971
76513,0.067300658,2734,116003549.5,53,Trinity Alps Unified,"9,284,914.34",625.02,"14,855.39",Unified,TRINITY ALPS UNIFIED SCHOOL DISTRICT,11142,1322,6045,3775,42429.9742,11142,1322,3775,6045
76562,0.0,2086,42879199.56,11,Hamilton Unified,"7,719,459.35",672.7,"11,475.34",Unified,HAMILTON UNIFIED SCHOOL DISTRICT,9661,728,7099,1834,20555.70449,9661,728,1834,7099
76687,0.099253404,4554,101084167.0,14,Bishop Unified,"24,909,260.42","1,969.21","12,649.37",Unified,BISHOP UNIFIED SCHOOL DISTRICT,25414,2733,8640,14041,22196.78677,25414,2733,14041,8640
76760,0.00746888,9640,507623628.8,39,Lammersville Joint Unified,"60,705,636.12","5,931.08","10,235.17",Unified,LAMMERSVILLE JOINT UNIFIED SCHOOL DISTRICT,77309,1401,39571,36337,52658.05278,77309,1401,36337,39571
76786,0.037568711,50574,1060615299.0,42,Santa Barbara Unified,"176,715,402.01","12,460.78","14,181.73",Unified,SANTA BARBARA UNIFIED SCHOOL DISTRICT,214817,12677,42902,159238,20971.55255,214817,12677,159238,42902
76794,0.104450166,5438,157951435.9,54,Woodlake Unified,"28,496,732.68","2,023.86","14,080.39",Unified,WOODLAKE UNIFIED SCHOOL DISTRICT,35948,3400,27050,5498,29045.86906,35948,3400,5498,27050
76828,0.02710066,13948,528613537.6,56,Santa Paula Unified,"73,708,021.24","4,888.74","15,077.10",Unified,SANTA PAULA UNIFIED SCHOOL DISTRICT,83512,6664,59704,17144,37898.87709,83512,6664,17144,59704
76836,0.049535604,7752,207199733.5,54,Exeter Unified,"32,377,924.45","2,613.20","12,390.14",Unified,EXETER UNIFIED SCHOOL DISTRICT,40066,2830,28579,8657,26728.5518,40066,2830,8657,28579
76851,0.127877238,3128,142274662.5,37,Bonsall Unified,"25,753,280.55","2,283.53","11,277.84",Unified,BONSALL UNIFIED SCHOOL DISTRICT,32896,2349,14260,16287,45484.22714,32896,2349,16287,14260
76869,0.002898026,11042,187765660.2,19,Wiseburn Unified,"29,270,429.46","2,426.02","12,065.21",Unified,WISEBURN UNIFIED SCHOOL DISTRICT,47983,1400,19007,27576,17004.67852,47983,1400,27576,19007
76877,0.0,200,43159365.92,29,Penn Valley Union Elementary,"5,870,814.63",513.28,"11,437.84",Elementary,PENN VALLEY UNION ELEM SCH DIST,8642,542,3066,5034,215796.8296,8642,542,5034,3066
76976,0.102145923,2330,114213850.3,17,Upper Lake Unified,"11,975,994.85",765.14,"15,652.03",Unified,UPPER LAKE UNIFIED SCHOOL DISTRICT,12734,1300,7857,3577,49018.81988,12734,1300,3577,7857
